"","feature","mzmed","rtmed","avgarea","C13","X2C13","S34","N15","O18","S33","K","Na","NH4","H2O_H","X2H"
"1","FT001",60.0581721452601,565.036315917969,1944131.65749971,0,0,0,0,0,0,0,0,0,0,0
"2","FT002",63.0270316120598,493.771423339844,4927806.40508151,0,0,0,0,0,0,0,0,0,0,0
"3","FT003",70.0658201288959,448.888397216797,12015906.274211,0,0,0,0,0,0,0,0,0,0,0
"4","FT004",72.0814611871385,422.611419677734,9897809.51376827,0,0,0,0,0,0,0,0,0,0,0
"5","FT005",74.0970861231854,542.670837402344,96179715.6021021,4362182,0,0,363288,0,0,0,0,0,0,0
"6","FT006",75.100441113824,543.146545410156,3992107.61492381,0,0,0,0,0,0,0,0,0,0,0
"7","FT007",76.0399688618242,627.572143554688,5442516.98646909,0,0,0,0,0,0,0,0,0,0,0
"8","FT008",76.0763258236447,312.959838867188,1054538965.22525,36436456,0,0,4148763,2501561,0,0,0,0,0,0
"9","FT009",76.103451504832,450.814453125,1125277.30755885,0,0,0,0,0,0,0,0,0,0,0
"10","FT010",77.0733817904549,312.278352,4286222.5293607,0,0,0,0,0,0,0,0,0,0,0
"11","FT011",77.0796731070098,312.848846435547,37270724.5382533,0,0,0,0,0,0,0,0,0,0,0
"12","FT012",77.1097127085951,451.094085693359,5075360.69901254,0,0,0,0,0,0,0,0,0,0,0
"13","FT013",78.0806109793286,312.962768554688,2454057.09780996,0,0,0,0,0,0,0,0,0,0,0
"14","FT014",80.1316299210448,425.907897949219,5194219.54357285,0,0,0,0,0,0,0,0,0,0,0
"15","FT015",84.0449919850937,652.12646484375,8131694.42665127,0,0,0,0,0,0,0,0,0,0,0
"16","FT016",84.0449965809106,599.582336425781,12222566.5032181,0,0,0,0,0,0,0,0,0,0,0
"17","FT017",86.0606226802208,615.952026367188,6686600.44728366,0,0,0,0,0,0,0,0,0,0,0
"18","FT018",86.0969921863433,348.486419677734,5728423.0793472,0,0,0,0,0,0,0,0,0,0,0
"19","FT019",87.0446295451188,615.9297,4039199.68544693,0,0,0,0,0,0,0,0,23086647,0,0
"20","FT020",87.0446135063118,531.747436523438,3734657.60721181,0,0,0,0,0,0,0,0,0,0,0
"21","FT021",88.1126442081856,511.781066894531,4654474.05825284,0,0,0,0,0,0,0,0,0,0,0
"22","FT022",90.0555083897274,611.433837890625,10012443.5583767,0,0,0,0,0,0,0,0,0,0,0
"23","FT023",90.055514472377,580.981994628906,8963777.52320223,0,0,0,0,0,0,0,0,0,0,0
"24","FT024",90.0555064528119,538.239135742188,9712502.30117108,0,0,0,0,0,0,0,0,0,0,0
"25","FT025",90.0919002028268,328.030364990234,38170128.3596371,0,0,0,0,0,0,0,0,0,0,0
"26","FT026",90.0918486551073,307.8017578125,134444776.111548,0,0,0,0,0,0,0,0,0,0,0
"27","FT027",93.0452399308452,188.258575439453,2219318.89041633,0,0,0,0,0,0,0,0,0,0,0
"28","FT028",93.0743160708291,581.4775390625,8505948.31605482,0,0,0,0,0,0,0,0,0,0,0
"29","FT029",100.039782532906,500.691986083984,1668005.56709383,0,0,0,0,0,0,0,0,0,0,0
"30","FT030",101.10777360144,525.771179199219,3226756.96675476,0,0,0,0,0,0,0,0,0,0,0
"31","FT031",102.055399393485,652.153137207031,2745518.67449469,0,0,0,0,0,0,0,0,0,0,0
"32","FT032",102.128129897979,339.097076416016,4549596.54523622,0,0,0,0,0,0,0,0,0,0,0
"33","FT033",103.955915744819,181.16674041748,4263036.36571695,0,0,0,0,0,0,0,0,0,0,0
"34","FT034",104.071037835995,615.974243164062,35944386.6367432,0,0,0,0,0,0,0,0,0,6833234,0
"35","FT035",104.107394205588,554.662139892578,122774820.813504,6636465,0,0,441362,0,0,0,0,0,0,0
"36","FT036",105.110736739125,554.68115234375,6341597.83023732,0,0,0,0,0,0,0,0,0,0,0
"37","FT037",106.05029934585,626.029235839844,2839537.72566334,0,0,0,0,0,0,0,0,0,0,0
"38","FT038",106.086668391601,464.293731689453,8691248.33895551,0,0,0,0,0,0,0,0,0,0,0
"39","FT039",111.068694283881,583.623962402344,5787599.36709529,0,0,0,0,0,0,0,0,0,0,0
"40","FT040",112.050892389643,325.503173828125,147264932.322095,6388856,0,0,0,0,0,0,0,0,0,0
"41","FT041",112.050901904741,389.447448730469,30121726.0512431,0,0,0,0,0,0,0,0,0,0,0
"42","FT042",113.054211845345,323.85400390625,6240949.15287836,0,0,0,0,0,0,0,0,0,0,0
"43","FT043",113.060055242104,102.689384460449,17058796.0983342,0,0,0,0,0,0,0,0,0,0,0
"44","FT044",114.066502542989,242.777465820312,5518558.05169127,0,0,0,0,0,0,0,0,0,0,0
"45","FT045",116.051672182098,325.504821777344,3041887.32743077,0,0,0,130058504,0,0,0,0,0,0,0
"46","FT046",116.070895283883,449.276184082031,95730398.7766137,5272818,0,0,0,0,0,0,0,0,0,0
"47","FT047",117.048646940113,325.443603515625,150411511.072346,0,0,0,0,2350428,0,0,0,0,0,0
"48","FT048",117.054923969042,569.634429931641,8857687.20812548,0,0,0,0,0,0,0,0,0,0,0
"49","FT049",117.054895448212,572.06640625,5630541.56859831,0,0,0,0,0,0,0,0,0,0,0
"50","FT050",117.074233539656,449.189422607422,4985428.91406837,0,0,0,0,0,0,0,0,0,0,0
"51","FT051",117.113766120021,563.303375244141,682791.655769311,0,0,0,0,0,0,0,0,0,0,0
"52","FT052",118.05201551516,325.443603515625,2680086.07547769,0,0,0,0,0,0,0,0,0,0,0
"53","FT053",118.061585380857,625.014007568359,1880549.75792251,0,0,0,0,0,0,0,0,0,0,0
"54","FT054",118.086452895845,345.798004150391,4336769017.21976,242662662,5320479,0,15539210,18108408,0,0,0,0,0,0
"55","FT055",118.122704770433,345.765869140625,4590924.90829644,0,0,0,0,0,0,0,0,0,0,0
"56","FT056",119.035460660612,229.011154174805,1458870.27215621,0,0,0,0,0,0,0,0,0,0,0
"57","FT057",119.052849356816,325.347137451172,1971523.74551999,0,0,0,0,0,0,0,0,0,0,0
"58","FT058",119.083534883676,345.799911499023,15256136.1388706,978381,0,0,0,0,0,0,0,0,0,0
"59","FT059",119.089839107927,345.717742919922,238995226.217698,5231763,0,0,982625,1166988,0,0,0,0,0,0
"60","FT060",120.032552336349,230.885314941406,1583847.30110213,0,0,0,868632,0,0,0,0,0,0,0
"61","FT061",120.065785994173,587.6796875,5388496.44235689,0,0,0,0,0,0,0,0,0,0,0
"62","FT062",120.081002447234,266.394561767578,19634609.0577856,0,0,0,0,0,0,0,0,0,0,0
"63","FT063",120.081050263152,261.68408203125,18074195.9652731,0,0,0,0,0,0,0,0,0,0,0
"64","FT064",120.090725877672,345.75341796875,17776667.4774001,1168499,0,0,0,0,0,0,0,0,0,0
"65","FT065",120.093158528019,345.729064941406,5120024.48623328,0,0,0,0,0,0,0,0,0,0,0
"66","FT066",120.972510457621,1196.13720703125,89265722.1772745,0,0,0,0,0,0,0,0,0,0,0
"67","FT067",121.032016412326,415.892395019531,294899076.16581,12372117,0,13113760,0,0,2259377,0,0,0,0,0
"68","FT068",121.039911327442,187.776519775391,14071400.9673438,883180,0,0,0,0,0,0,0,0,0,0
"69","FT069",121.06842397102,558.725860595703,2456355.71248335,0,0,0,0,0,0,0,0,0,0,0
"70","FT070",122.006539843143,1192.103515625,91826881.1101977,0,0,0,0,0,0,0,0,0,0,0
"71","FT071",122.031558800721,415.904800415039,2145029.17584701,0,0,0,0,0,0,0,0,0,0,0
"72","FT072",122.035383123539,415.892395019531,12236665.927249,0,0,0,0,0,0,0,0,0,0,0
"73","FT073",122.081448508027,425.107177734375,24746816.0448704,0,0,0,0,0,0,0,0,0,0,0
"74","FT074",122.108473762438,450.603973388672,13127364.4334059,0,0,0,0,0,0,0,0,0,0,0
"75","FT075",123.02787459767,415.798065185547,12674297.6208919,0,0,0,0,0,0,0,0,0,0,0
"76","FT076",123.055490415319,154.702621459961,43859601.5606089,0,0,0,0,0,0,0,0,0,0,0
"77","FT077",123.096950574851,345.81396484375,12086838.4777959,492617922,0,0,0,0,0,0,0,0,0,0
"78","FT078",123.103132795929,345.75341796875,4199889.47668877,0,0,0,486665049,0,0,0,0,0,0,0
"79","FT079",123.114726634931,450.750640869141,55250397.9757147,2958569,0,0,0,0,0,0,0,0,0,0
"80","FT080",124.03948260204,195.341728210449,100717035.154294,6378502,0,0,0,0,0,0,0,0,0,0
"81","FT081",124.039470708306,197.939636230469,110236864.63227,7001583,0,0,0,0,0,0,0,0,0,0
"82","FT082",124.100250336383,345.801818847656,508149305.167793,0,0,0,0,1989564,0,0,0,0,0,0
"83","FT083",124.118098279291,450.814453125,2928397.97328398,0,0,0,0,0,0,0,0,0,0,0
"84","FT084",126.022140374719,586.052856445312,9834655.47123704,0,0,0,0,0,0,0,0,0,0,0
"85","FT085",126.136669842807,425.984741210938,13044636.3350013,734201,0,0,0,0,0,0,0,0,0,0
"86","FT086",127.072864300914,323.301910400391,224242076.634385,0,0,0,0,0,0,0,0,0,0,0
"87","FT087",128.131141840137,265.137451171875,1358657.9137925,0,0,0,0,0,0,0,0,0,0,0
"88","FT088",129.066036125532,500.294097900391,54166801.5242338,2895153,0,0,0,0,0,0,0,0,0,0
"89","FT089",130.050018310547,599.582336425781,46679731.0521776,2494349,0,0,0,0,0,0,0,78717981,0,0
"90","FT090",130.050019077549,652.103759765625,13157260.0051049,0,0,0,0,0,0,0,0,0,0,0
"91","FT091",130.06937282419,500.046966552734,2931376.53680288,0,0,0,0,0,0,0,0,0,0,0
"92","FT092",130.15919935757,316.620056152344,15724664.6188751,0,0,0,0,0,0,0,0,0,0,0
"93","FT093",131.053425981896,599.473449707031,2388704.18810973,0,0,0,0,0,0,0,0,4090630,0,0
"94","FT094",131.070384492999,495.606506347656,8041994.43016858,0,0,0,0,0,0,0,0,0,0,0
"95","FT095",131.07037930161,453.304565429688,11506601.0018337,0,0,0,0,0,0,0,0,0,0,0
"96","FT096",132.076886330929,576.462127685547,117513314.095843,5133915,0,0,0,0,0,0,0,0,0,0
"97","FT097",132.101994407718,348.626312255859,31113777.7522353,1981303,0,0,0,0,0,0,0,0,0,0
"98","FT098",132.102012934193,476.324554443359,571758966.941855,36681223,894530,0,2072678,2016949,0,0,0,0,0,0
"99","FT099",132.102045320014,306.426422119141,140379052.138593,8943175,0,0,0,0,0,0,0,0,0,0
"100","FT100",133.027836514085,788.705385830078,395399554.736106,0,0,18284341,2596618,3246507,2748035,0,0,0,0,0
"101","FT101",133.031877772777,368.569732666016,5115184.42866111,0,0,0,0,0,0,0,0,21035141,0,0
"102","FT102",133.098982210729,343.830810546875,7272102.51146869,0,0,0,0,0,0,0,0,0,0,0
"103","FT103",133.098966354723,343.97248840332,5010359.03150173,0,0,0,0,0,0,0,0,0,0,0
"104","FT104",133.105388037388,476.281005859375,36336673.3842838,0,0,0,0,0,0,0,0,0,0,0
"105","FT105",133.105409281608,306.678649902344,7656340.82850899,0,0,0,0,0,0,0,0,0,0,0
"106","FT106",134.044944601907,667.942016601562,4138184.78444276,0,0,0,0,0,0,0,0,0,0,0
"107","FT107",134.081256648184,528.467620849609,3992011.65493372,0,0,0,0,0,0,0,0,0,0,0
"108","FT108",134.090349978778,247.215667724609,1927819.69870563,0,0,0,0,0,0,0,0,0,0,0
"109","FT109",134.106223840704,477.061584472656,1840814.03810248,0,0,0,0,0,0,0,0,0,0,0
"110","FT110",135.023640945012,788.898620605469,18415048.7377435,0,0,0,0,0,0,0,0,0,0,0
"111","FT111",135.030270720748,403.217361450195,2859052.68849597,0,0,0,0,0,0,0,0,268562081,0,0
"112","FT112",135.047465931711,493.390075683594,1217464893.94246,67850402,1147377,57606022,0,4746914,8774488,0,0,0,0,0
"113","FT113",136.047028997528,493.303802490234,8405169.73770569,0,0,0,0,0,0,0,0,0,0,0
"114","FT114",136.050830954959,493.584533691406,66995457.471875,1137334,0,3099322,0,0,0,0,0,0,0,0
"115","FT115",136.050689958931,358.453643798828,4287655.34950665,0,0,0,0,0,0,0,0,19022351,0,0
"116","FT116",136.061873030384,230.80989074707,247583948.266873,13630940,0,0,0,0,0,0,0,0,0,0
"117","FT117",136.061823770771,178.357864379883,38713452.6853187,0,0,0,0,0,0,0,0,0,0,0
"118","FT118",136.06181937828,174.376495361328,7252211.78784552,0,0,0,0,0,0,0,0,0,0,0
"119","FT119",137.043274085914,493.307495117188,56148345.722131,3060570,0,0,0,0,0,0,0,0,0,0
"120","FT120",137.045880945351,289.517395019531,121900416.09477,6671743,0,0,0,0,0,0,0,0,0,0
"121","FT121",137.045849859959,356.701171875,36043527.5448038,0,0,0,0,0,0,0,0,0,0,0
"122","FT122",137.045903595994,251.895935058594,3859692.81067637,0,0,0,0,0,0,0,0,0,0,0
"123","FT123",137.058950453341,230.3603515625,10347131.376741,0,0,0,0,0,0,0,0,0,0,0
"124","FT124",137.063160029834,561.09521484375,1758902.75532028,0,0,0,0,0,0,0,0,0,0,0
"125","FT125",137.065210439917,230.80989074707,12933438.8925545,0,0,0,0,0,0,0,0,0,0,0
"126","FT126",138.04674984149,493.293151855469,2912806.64811058,0,0,0,0,0,0,0,0,0,0,0
"127","FT127",138.055027125108,379.655944824219,240111516.158003,18236255,0,0,0,806632,0,0,0,0,0,0
"128","FT128",138.05586704461,230.858413696289,511819412.591177,27327266,543947,0,6344093,0,0,0,0,0,0,0
"129","FT129",139.030372796242,325.173522949219,4794132.92663229,0,0,0,0,0,0,0,0,0,0,0
"130","FT130",139.050280556479,187.753952026367,9908987.2719664,0,0,0,0,0,0,0,0,0,15426289,0
"131","FT131",139.050196919285,418.549591064453,142211214.998635,0,0,0,0,0,0,0,0,0,6576874,0
"132","FT132",139.050270776008,188.941162109375,6801246.34715136,0,0,0,0,0,0,0,0,0,10622060,0
"133","FT133",139.052934476834,230.876571655273,6279540.29128035,0,0,0,0,0,0,0,0,0,0,0
"134","FT134",139.058379525798,379.655944824219,17311111.0637344,0,0,0,0,0,0,0,0,0,0,0
"135","FT135",139.058370450475,260.037506103516,23944033.7539123,0,0,0,0,0,0,0,0,0,0,0
"136","FT136",139.059223626923,230.887466430664,26695180.4385314,553000,0,0,0,0,0,0,0,0,0,0
"137","FT137",139.14283140809,365.845458984375,4587175.75647414,0,0,0,0,0,0,0,0,0,0,0
"138","FT138",140.068161010742,345.824096679688,4197999.64396185,0,0,0,0,0,0,0,0,0,0,0
"139","FT139",141.006484019548,578.545654296875,60228698.8852615,2003885,0,0,0,0,0,0,0,0,0,0
"140","FT140",141.065922369629,343.944427490234,15685399.4906005,1068135,0,0,0,0,0,0,0,0,0,0
"141","FT141",141.113515855211,228.170433044434,1487737.29455631,0,0,0,0,0,0,0,0,0,0,0
"142","FT142",143.003716574391,578.369873046875,22589504.6428837,0,0,0,0,0,0,0,0,0,0,0
"143","FT143",143.081598486498,420.4228515625,19057680.9579834,1232918,0,0,0,0,0,0,0,0,0,0
"144","FT144",143.081545617144,474.210388183594,597141378.175815,39099813,0,0,0,0,0,0,0,0,0,0
"145","FT145",143.081604003906,453.509338378906,27842515.9325068,1798442,0,0,0,0,0,0,0,0,0,0
"146","FT146",144.084846039652,473.338134765625,42630235.4368907,0,0,0,0,0,0,0,0,0,0,0
"147","FT147",144.101969691465,300.531311035156,88177667.9918389,6600286,0,0,0,0,0,0,0,0,0,0
"148","FT148",144.101976014885,462.761352539062,39047941.5490115,2957793,0,0,0,0,0,0,0,0,0,0
"149","FT149",144.101943524173,486.120819091797,8440849.52319726,0,0,0,0,0,0,0,0,0,0,0
"150","FT150",144.982188255051,182.551071166992,159533767.311884,6775392,0,0,0,0,0,0,0,0,0,0
"151","FT151",145.105315687313,300.008819580078,6452983.99413484,0,0,0,0,0,0,0,0,0,0,0
"152","FT152",145.105325936295,462.691864013672,2818417.68413953,0,0,0,0,0,0,0,0,0,0,0
"153","FT153",145.985527334574,182.225204467773,6361690.00596843,0,0,0,0,0,0,0,0,0,0,0
"154","FT154",146.092452167011,592.391043792969,2709049.88831126,0,0,0,0,0,0,0,0,0,0,0
"155","FT155",146.117592278795,498.649734,185852835.914015,13927510,0,0,0,0,0,0,0,0,0,0
"156","FT156",146.117635638423,408.210403442383,79014634.0464743,0,0,0,0,0,0,0,0,0,0,0
"157","FT157",146.117610601875,256.093505859375,1735107.84702768,0,0,0,0,0,0,0,0,0,0,0
"158","FT158",146.980368551832,182.28747,73001548.9813391,3091375,0,0,0,0,0,0,0,0,0,0
"159","FT159",146.980391894357,460.855407714844,19901678.0972932,0,0,0,0,0,0,0,0,0,0,0
"160","FT160",147.047485602226,416.924163818359,27783458.3290213,1852246,0,1232974,0,0,0,0,0,0,0,0
"161","FT161",147.076453553814,599.473449707031,81598932.9551131,4382626,0,0,0,0,0,0,0,0,0,0
"162","FT162",147.099661858542,531.835205078125,2706381.09373169,0,0,0,0,0,0,0,0,0,0,0
"163","FT163",147.09965930473,526.331726074219,2562330.34096094,0,0,0,0,0,0,0,0,0,0,0
"164","FT164",147.112847113506,968.797790527344,2729494.34657766,0,0,0,0,0,0,0,0,0,0,0
"165","FT165",147.12098428819,498.562629451172,13923401.6255131,0,0,0,0,0,0,0,0,0,0,0
"166","FT166",147.983691396531,181.260841369629,2898936.18233771,0,0,0,0,0,0,0,0,0,0,0
"167","FT167",148.042785564332,483.188629150391,1542532.59851663,0,0,0,0,0,0,0,0,0,0,0
"168","FT168",148.050817383045,416.994774080078,1663816.13260794,0,0,0,0,0,0,0,0,0,0,0
"169","FT169",148.060477430879,652.121765136719,44649671.6179332,2415710,0,0,0,0,0,0,0,0,0,0
"170","FT170",148.060515330693,623.513977050781,2610392.33680801,0,0,0,0,0,0,0,0,0,0,0
"171","FT171",148.07982503342,599.394897460938,4096451.78475616,0,0,0,0,0,0,0,0,0,0,0
"172","FT172",148.096864645164,410.573974609375,60480836.2311755,3914367,0,0,0,0,0,0,0,0,0,0
"173","FT173",148.105896907001,534.012329101562,37599420.818733,3852769,0,0,0,0,0,0,0,7472368,0,0
"174","FT174",148.105862638495,532.668701171875,54080256.4287293,5647924,0,0,0,0,0,0,0,11817728,0,0
"175","FT175",149.043324894235,416.90950012207,1138328.32077841,0,0,0,0,0,0,0,0,0,0,0
"176","FT176",149.063911190572,651.642761230469,2279658.09899172,0,0,0,0,0,0,0,0,0,0,0
"177","FT177",149.063147582876,530.537811279297,4396607.10057981,0,0,0,0,0,0,0,0,0,0,0
"178","FT178",149.100289874344,410.428726196289,3224900.20372345,0,0,0,0,0,0,0,0,0,0,0
"179","FT179",149.109381566488,533.7265625,3549068.62923483,0,0,0,0,0,0,0,0,0,0,0
"180","FT180",149.109306371714,523.534545898438,3730219.57686985,0,0,0,0,0,0,0,0,0,0,0
"181","FT181",150.058358337386,364.119384765625,14619763.1581236,0,0,0,0,0,0,0,0,0,0,0
"182","FT182",150.077504932,298.167053222656,2213623.6490761,0,0,0,0,0,0,0,0,0,0,0
"183","FT183",150.112556804494,194.564758300781,13755195.7450249,0,0,0,0,0,0,0,0,0,0,0
"184","FT184",151.042380111909,514.084197998047,1883935.84702253,0,0,0,0,0,0,0,0,0,0,0
"185","FT185",151.042363299102,481.001281738281,3112655.09560396,0,0,0,0,0,0,0,0,0,0,0
"186","FT186",151.096567899458,135.410446166992,16652685.7653117,1066226,0,0,0,0,0,0,0,6897277,0,0
"187","FT187",151.144195970868,312.926116943359,194108781.061631,0,0,0,0,0,0,0,0,0,0,0
"188","FT188",152.056739332855,403.323181152344,268684016.091919,14421655,0,0,4668118,0,0,0,0,0,0,0
"189","FT189",152.056760295587,439.640628,9572971.87579977,0,0,0,0,0,0,0,0,0,0,0
"190","FT190",152.070667448376,130.325668334961,29642064.2376537,2479590,0,0,0,0,0,0,0,0,0,0
"191","FT191",152.147537231445,312.441955566406,12847045.1909261,0,0,0,0,0,0,0,0,0,0,0
"192","FT192",153.060079274191,403.264770507812,14789712.630304,0,0,0,0,0,0,0,0,0,0,0
"193","FT193",153.073870100095,192.34440612793,24529743.0506331,1756710,0,0,0,0,0,0,0,0,0,0
"194","FT194",153.077215695167,358.970428466797,20749391.2734649,1177235,0,0,0,0,0,0,0,0,0,0
"195","FT195",154.053279716728,264.591949462891,13150881.8533241,0,0,0,0,0,0,0,1034054,0,0,0
"196","FT196",154.072364091981,454.430374145508,1058027.13878469,0,0,0,0,0,0,0,0,0,0,0
"197","FT197",154.077157961149,191.406509399414,1740461.06932905,0,0,0,0,0,0,0,0,0,0,0
"198","FT198",154.080267424108,195.115631103516,1240265.48814271,0,0,0,0,0,0,0,0,0,0,0
"199","FT199",155.05413385338,403.351165771484,97049125.7051807,4254523,0,0,941319,0,0,0,0,0,0,0
"200","FT200",155.081529519569,438.65673828125,160101001.886825,11892393,0,0,902227,0,0,0,0,0,0,0
"201","FT201",156.05750180676,403.161865234375,4009161.32653827,0,0,0,0,0,0,0,0,0,0,0
"202","FT202",156.076878986051,584.201843261719,10895195.7654918,0,0,0,0,0,0,0,0,0,0,0
"203","FT203",156.084958174969,438.680511474609,12978429.4420911,0,0,0,0,0,0,0,0,0,0,0
"204","FT204",156.984073336343,570.867340087891,24650027.4600937,0,0,0,0,0,0,0,0,0,0,0
"205","FT205",157.07391189395,584.350341796875,16570030.2398746,1036745,0,0,0,0,0,0,0,0,0,0
"206","FT206",157.097273247381,349.428192138672,12991005.7007391,0,0,0,0,0,0,0,0,0,0,0
"207","FT207",158.081275161022,394.811676025391,8760724.02486438,0,0,0,0,0,0,0,0,20492983,0,0
"208","FT208",158.117651995376,446.966369628906,5426223.02319207,0,0,0,0,0,0,0,0,0,0,0
"209","FT209",159.017110236033,577.520812988281,18690399.7759846,0,0,0,0,0,0,0,0,0,62106531,0
"210","FT210",159.027815148745,289.878265380859,8379915.50385754,0,0,0,0,0,0,0,0,0,0,0
"211","FT211",159.076490200141,526.210266113281,4911880.4392454,0,0,0,0,0,0,0,0,0,0,0
"212","FT212",159.076544354968,644.944030761719,3662840.30996715,0,0,0,0,0,0,0,0,5268058,0,0
"213","FT213",160.096902292112,418.680999755859,257248748.877723,19226739,0,0,0,0,0,0,0,0,0,0
"214","FT214",160.096920004536,372.261810302734,25974024.3971667,1857672,0,0,0,0,0,0,0,0,0,0
"215","FT215",160.096911475294,479.597564697266,20084527.6651757,1586497,0,0,0,0,0,0,0,0,0,0
"216","FT216",160.133314514382,497.420272827148,4542569.7807161,0,0,0,0,0,0,0,0,0,0,0
"217","FT217",160.133288737796,431.926788330078,9592569.5720741,0,0,0,0,0,0,0,0,0,0,0
"218","FT218",161.014308603202,577.558410644531,8029862.50210481,0,0,0,0,0,0,0,0,0,26427272,0
"219","FT219",161.063141347127,469.843078613281,4578435.16102082,0,0,0,0,0,0,0,0,0,0,0
"220","FT220",161.100218496184,418.606567382812,19287248.3522055,0,0,0,0,0,0,0,0,0,0,0
"221","FT221",162.112531827434,403.351165771484,146480395.041629,10992249,0,0,0,0,0,0,0,0,0,0
"222","FT222",162.112520955115,493.390075683594,153828539.488152,11376454,0,0,0,0,0,0,0,0,0,0
"223","FT223",162.112546971346,317.887359619141,13821988.0926507,0,0,0,0,0,0,0,0,0,0,0
"224","FT224",163.115837882067,403.291900634766,12058404.014891,0,0,0,0,0,0,0,0,0,0,0
"225","FT225",163.11583426079,493.307495117188,11076405.528866,0,0,0,0,0,0,0,0,0,0,0
"226","FT226",165.058160489036,415.957855224609,47030212.0404069,0,0,2028770,0,0,0,0,0,0,26939549,0
"227","FT227",165.13252109518,534.012329101562,7323266.26606996,0,0,0,0,0,0,0,0,0,0,0
"228","FT228",165.13249014947,532.389709472656,8799483.77378557,0,0,0,0,0,0,0,0,0,0,0
"229","FT229",166.086345597905,474.067565917969,11633470.9081256,1006456,0,0,0,0,0,0,0,0,0,0
"230","FT230",166.086348136468,260.857879638672,23153449.4963145,0,0,0,0,0,0,0,0,0,0,0
"231","FT231",166.086357341595,418.087951660156,8192211.43183216,0,0,0,0,0,0,0,0,0,0,0
"232","FT232",167.053772002243,416.10270690918,1957954.4534347,0,0,0,0,0,0,0,0,0,1166711,0
"233","FT233",168.069069612435,414.487396240234,3890109.16955077,0,0,0,0,0,0,0,0,0,0,0
"234","FT234",168.088054957964,253.627746,1279123.8092637,0,0,0,0,0,0,0,0,0,0,0
"235","FT235",168.096189729316,157.624771118164,2294977.46448819,0,0,0,0,0,0,0,0,0,0,0
"236","FT236",168.123130830681,134.630584716797,6334973.38183028,0,0,0,0,0,0,0,0,0,0,0
"237","FT237",170.068431434509,941.934387207031,8924742.16077638,0,0,0,0,0,0,0,0,0,0,0
"238","FT238",170.117646684235,397.945678710938,14629910.0839781,0,0,0,0,0,0,0,0,0,0,0
"239","FT239",171.076470257533,598.570129394531,1305753.08396993,0,0,0,0,0,0,0,0,0,0,0
"240","FT240",171.084409203087,191.691619873047,35531759.2293942,2486118,0,0,0,0,0,0,0,0,28146341,0
"241","FT241",172.071812855785,441.468048095703,780619.284006509,0,0,0,0,0,0,0,0,0,0,0
"242","FT242",172.133258413408,111.558685302734,7482173.94770992,0,0,0,0,0,0,0,0,0,0,0
"243","FT243",173.092196012598,414.218872070312,12577590.5758187,927154,0,0,0,0,0,0,0,0,0,0
"244","FT244",174.022043816961,270.980346679688,8623559.70938089,0,0,0,0,0,0,0,0,0,0,0
"245","FT245",174.038745810002,402.968185424805,45227506.7028267,2398658,0,0,0,0,0,0,0,0,0,0
"246","FT246",174.136568491034,264.306823730469,2148103.84395261,0,0,0,0,0,0,0,0,0,0,0
"247","FT247",175.042119922285,402.418212890625,2816274.62231986,0,0,0,0,0,0,0,0,0,0,0
"248","FT248",175.071470703208,641.28173828125,1148207.10140099,0,0,0,0,0,0,0,0,0,0,0
"249","FT249",175.107861503363,394.402770996094,18612198.4590124,1399241,0,0,0,0,0,0,0,0,0,0
"250","FT250",175.107790567199,550.844390869141,1137568.87098291,0,0,0,0,0,0,0,0,0,0,0
"251","FT251",175.119075003855,1008.79736328125,44086128.9471448,2817352,0,0,0,0,0,0,0,0,0,0
"252","FT252",176.091811227163,578.545654296875,19399660.1401291,1397940,0,0,0,0,0,0,0,0,0,0
"253","FT253",176.1031139249,644.415893554688,4738927.64262681,0,0,0,0,0,0,0,0,0,0,0
"254","FT254",176.111190159306,396.996505737305,1117198.33013531,0,0,0,0,0,0,0,0,0,0,0
"255","FT255",176.128237619438,381.49040222168,5369773.38009512,0,0,0,0,0,0,0,0,0,0,0
"256","FT256",176.12823043881,449.315765380859,4462261.49848563,0,0,0,0,0,0,0,0,0,0,0
"257","FT257",176.128185475978,541.752197265625,21427676.8587242,1742980,0,0,0,0,0,0,0,0,0,0
"258","FT258",176.139462778849,345.763534545898,5117286.86181419,0,0,0,0,0,0,0,0,0,0,0
"259","FT259",177.036152422035,402.913024902344,15675988.1629906,0,0,0,0,0,0,0,0,0,0,0
"260","FT260",177.058218909815,465.111633300781,1859251.05629793,0,0,0,0,0,0,0,0,0,0,0
"261","FT261",178.107465331645,438.836990356445,4012966.61010641,0,0,0,0,0,0,0,0,0,0,0
"262","FT262",179.00484462946,332.984893798828,166261810.953093,0,0,0,0,0,0,0,0,0,0,0
"263","FT263",179.073718195047,495.961944580078,41155404.8146144,3044126,0,1811435,0,0,0,0,0,0,0,0
"264","FT264",179.073650148743,569.551086425781,100008153.101647,7471958,0,4490930,0,0,0,0,0,0,0,0
"265","FT265",180.008227960491,332.977966308594,20230788.5262475,0,0,0,0,0,0,0,0,0,0,0
"266","FT266",180.061813393548,627.554321289062,3240553.18018282,0,0,0,0,0,0,0,0,0,0,0
"267","FT267",180.076998055839,495.960784912109,3104097.03269866,0,0,0,0,0,0,0,0,0,0,0
"268","FT268",180.076975558957,569.300048828125,6425912.73418067,0,0,0,0,0,0,0,0,0,0,0
"269","FT269",180.076954827658,572.095275878906,4052929.42773538,0,0,0,0,0,0,0,0,0,0,0
"270","FT270",180.101974470094,414.078521728516,24883943.3239431,2628280,0,0,0,0,0,0,0,0,0,0
"271","FT271",181.011492651315,332.775268554688,851066483.503232,26486583,0,0,0,2793199,0,0,0,0,0,0
"272","FT272",181.030929393142,466.835861206055,55213530.3104309,0,0,0,0,0,0,0,0,0,0,0
"273","FT273",181.069454547694,495.915084838867,1740913.48259213,0,0,0,0,0,0,0,0,0,0,0
"274","FT274",181.069426312391,569.300048828125,3641296.68656931,0,0,0,0,0,0,0,0,0,0,0
"275","FT275",181.069416777484,573.249572753906,2181397.66142573,0,0,0,0,0,0,0,0,0,0,0
"276","FT276",181.101972826344,249.031982421875,6695238.29353285,0,0,0,0,0,0,0,0,0,0,0
"277","FT277",181.102002993691,247.215667724609,8306083.59892321,0,0,0,0,0,0,0,0,0,0,0
"278","FT278",181.105143662848,413.719543457031,2303203.04085617,0,0,0,0,0,0,0,0,0,0,0
"279","FT279",181.127404571821,209.971664428711,6200852.65121881,0,0,0,0,0,0,0,0,0,0,0
"280","FT280",181.127414069803,449.191925048828,4851734.53766498,0,0,0,0,0,0,0,0,0,0,0
"281","FT281",182.01478091804,332.775268554688,25776235.2532986,0,0,0,0,0,0,0,0,0,0,0
"282","FT282",182.032950548847,577.707061767578,145788504.41312,0,0,0,0,0,0,0,0,0,0,0
"283","FT283",182.067310825353,330.440307617188,5611305.27979602,0,0,0,0,0,0,0,0,0,0,0
"284","FT284",182.081285603771,492.419876098633,8504635.51703451,0,0,0,0,0,0,0,0,0,0,0
"285","FT285",182.117712484585,139.224502563477,15731254.1650877,1602522,0,0,0,0,0,0,0,0,0,0
"286","FT286",184.03027855966,577.665832519531,65629807.1942253,1914351,0,0,0,0,0,0,0,0,0,0
"287","FT287",184.063984530935,325.504821777344,6927365.70322649,0,0,0,0,0,0,0,0,0,0,0
"288","FT288",184.073407295872,671.877685546875,4667825.54263653,0,0,0,0,0,0,0,0,0,0,0
"289","FT289",184.169753521192,112.511566162109,7762193.72940818,0,0,0,0,0,0,0,0,0,0,0
"290","FT290",184.9560165148,451.157562255859,10878027.30716,0,0,0,0,0,0,0,0,0,0,0
"291","FT291",185.092204107404,394.946533203125,10594751.2436198,847070,0,0,0,0,0,0,0,0,0,0
"292","FT292",186.953918901642,451.157562255859,11873738.4037825,0,0,0,0,0,0,0,0,0,0,0
"293","FT293",189.098327941979,441.140502929688,951012.311626799,0,0,0,0,0,0,0,0,0,0,0
"294","FT294",189.123439939786,418.084075927734,2858881.55083083,0,0,0,0,0,0,0,0,0,0,0
"295","FT295",189.159817165736,849.915893554688,23278302.1180548,0,0,0,0,0,0,0,0,0,0,0
"296","FT296",190.01268319765,402.902374267578,3230497.51866006,0,0,0,0,0,0,0,0,0,0,0
"297","FT297",191.073831452306,426.278198242188,2439737.86022101,0,0,0,0,0,0,0,0,0,0,0
"298","FT298",191.073825334788,497.949066162109,1992985.97200691,0,0,0,0,0,0,0,0,0,0,0
"299","FT299",191.07373190494,549.4453125,1436837.72819496,0,0,0,0,0,0,0,0,0,0,0
"300","FT300",192.123134705061,273.619567871094,3314481.36108253,0,0,0,0,0,0,0,0,0,0,0
"301","FT301",192.123065465863,548.267761230469,4167663.7701202,0,0,0,0,0,0,0,0,0,0,0
"302","FT302",192.88821948174,183.488616943359,2459229.80791677,0,0,0,0,0,0,0,0,0,0,0
"303","FT303",193.053070242962,583.304382324219,46383633.0315521,3389371,0,1989393,0,0,0,0,0,0,0,0
"304","FT304",193.089550201605,495.973968505859,25357564.0053401,2145572,0,0,0,0,0,0,0,0,0,0
"305","FT305",193.08939246193,460.541931152344,102672109.11295,8448423,0,4417763,0,0,0,0,0,0,0,0
"306","FT306",194.056386830047,583.171081542969,2931975.80927343,0,0,0,0,0,0,0,0,0,0,0
"307","FT307",194.067399685653,202.706153869629,1190811.18702902,0,0,0,0,0,0,0,0,0,0,0
"308","FT308",194.092825834631,496.016616821289,2153092.15219153,0,0,0,0,0,0,0,0,0,0,0
"309","FT309",194.092736684814,460.496185302734,2322422.1871016,0,0,0,0,0,0,0,0,0,0,0
"310","FT310",194.88638301408,183.16975402832,2377957.07371575,0,0,0,0,0,0,0,0,0,0,0
"311","FT311",195.068701334247,550.435155705078,2850263.67536185,0,0,0,0,0,0,0,0,0,0,0
"312","FT312",195.068744856082,581.895446777344,1182141.10671227,0,0,0,0,0,0,0,0,0,0,0
"313","FT313",195.076457405772,524.193969726562,1967223.08921464,0,0,0,0,0,0,0,0,0,0,0
"314","FT314",196.083025787516,243.295501708984,5412461.14506332,0,0,0,0,0,0,0,0,0,0,0
"315","FT315",196.169750925904,108.383346557617,3661802.3517316,0,0,0,0,0,0,0,0,0,0,0
"316","FT316",198.124074826316,427.957397460938,2618634.54657569,0,0,0,0,0,0,0,0,0,0,0
"317","FT317",198.185377409209,111.128807067871,5463407.61408743,0,0,0,0,0,0,0,0,0,0,0
"318","FT318",201.02510954609,386.103759765625,1993586.33661198,0,0,0,0,0,0,0,0,0,0,0
"319","FT319",201.123422450781,558.189727783203,628429.63851103,0,0,0,0,0,0,0,0,0,0,0
"320","FT320",202.997110521003,792.083557128906,281138872.461813,0,0,0,0,0,0,0,0,0,0,0
"321","FT321",203.997620286478,791.404907226562,27345012.4198397,0,0,0,36479811,0,0,0,0,0,0,0
"322","FT322",204.123200002878,338.389587402344,190606040.806206,0,0,0,0,0,0,0,0,0,0,0
"323","FT323",206.102495067941,587.79248046875,4884142.50136315,0,0,0,0,0,0,0,0,0,0,0
"324","FT324",206.138851939674,305.230224609375,8151473.98154982,0,0,0,0,0,0,0,0,0,0,0
"325","FT325",206.138847767917,139.125839233398,58099251.0965945,0,0,0,0,0,0,0,0,0,0,0
"326","FT326",207.068609063716,448.739578654297,2608792.76005663,0,0,0,0,0,0,0,0,0,0,0
"327","FT327",209.047940295326,593.370361328125,31916321.5920406,2285323,0,1377083,0,0,0,0,0,0,0,0
"328","FT328",209.084454288169,398.598510742188,8774320.54990017,0,0,0,0,0,0,0,0,0,0,0
"329","FT329",210.072238558242,598.287780761719,1433483.39396534,0,0,0,0,0,0,0,0,0,0,0
"330","FT330",211.056462477619,651.642761230469,1903435.7910237,0,0,0,0,0,0,0,0,0,0,0
"331","FT331",212.095156003629,527.180414019531,85113679.3671725,6287628,0,0,0,0,0,0,0,0,0,0
"332","FT332",212.164549763715,117.310409545898,1739577.42303248,0,0,0,0,0,0,0,0,0,0,0
"333","FT333",214.064557896331,198.102554321289,4839832.5826967,0,0,0,0,0,0,0,0,0,0,0
"334","FT334",218.13867352602,255.585998535156,102385252.197524,0,0,0,0,0,0,0,0,0,0,0
"335","FT335",218.974673610989,791.778259277344,36757624.5974358,0,0,0,0,0,0,0,0,0,0,0
"336","FT336",221.007676643858,791.062286376953,76705857.9731051,0,0,0,0,0,0,0,0,0,274880793,0
"337","FT337",223.005120517343,790.872985839844,11463883.882012,0,0,0,0,0,0,0,0,0,0,0
"338","FT338",223.063617780926,443.366821289062,1340896.653598,0,0,0,0,0,0,0,0,0,0,0
"339","FT339",223.063519962167,495.515747070312,1334334.78934176,0,0,0,0,0,0,0,0,0,0,0
"340","FT340",225.079254874253,383.164260864258,2980724.69296109,0,0,0,0,0,0,0,0,0,0,0
"341","FT341",225.079241812337,455.335296630859,1723520.62299695,0,0,0,0,0,0,0,0,0,0,0
"342","FT342",225.982531164768,451.810119628906,34045002.786393,0,0,0,0,0,0,0,0,0,0,0
"343","FT343",226.180228807606,112.453918457031,6185392.43826349,786631,0,0,0,0,0,0,0,0,0,0
"344","FT344",227.183516603616,111.265037536621,659442.0092176,0,0,0,0,0,0,0,0,0,0,0
"345","FT345",227.98042153398,452.207122802734,36745106.9169527,0,0,0,0,0,0,0,0,0,0,0
"346","FT346",228.097964739119,290.423950195312,3198373.26357753,0,0,0,0,0,0,0,0,0,0,0
"347","FT347",229.978169988801,452.365081787109,4520705.64038385,0,0,0,0,0,0,0,0,0,0,0
"348","FT348",230.995147712785,788.898620605469,41471389.0860479,0,0,3729998,0,0,0,0,0,190342775,0,0
"349","FT349",233.08949819512,325.488494873047,2664841.73073249,0,0,0,0,0,0,0,0,0,0,63073470
"350","FT350",233.914905256541,182.50373840332,46072699.6050043,0,0,0,0,0,0,0,0,0,0,0
"351","FT351",234.918026381928,182.255966186523,8508168.11700187,0,0,0,0,0,0,0,0,0,0,0
"352","FT352",235.913087556397,182.848907470703,42352876.6174865,0,0,0,0,0,0,0,0,0,0,0
"353","FT353",236.149341467504,409.708801269531,33815946.7537923,3264397,0,0,0,0,0,0,0,0,0,0
"354","FT354",236.149279924989,519.316314697266,44714071.2258307,4558642,0,0,0,0,0,0,0,0,0,0
"355","FT355",236.916314475352,183.046516418457,2088129.79429558,0,0,0,0,0,0,0,0,0,0,0
"356","FT356",237.91116818224,183.252685546875,9041929.16446516,0,0,0,0,0,0,0,0,0,0,0
"357","FT357",239.149012136919,119.239639282227,7229194.62510138,777584,0,0,0,0,0,0,0,2807042,0,0
"358","FT358",239.17548137676,155.45393371582,3242733.29263891,0,0,0,0,0,0,0,0,0,0,0
"359","FT359",242.22270085914,501.596710205078,1749300.96486046,0,0,0,0,0,0,0,0,0,0,0
"360","FT360",244.023668819578,791.778259277344,324890715.436863,0,0,0,0,3911584,0,0,0,0,0,0
"361","FT361",244.092905862584,390.408355712891,11872309.0404744,0,0,0,0,0,0,0,0,0,0,0
"362","FT362",244.190876270639,111.512718200684,4019933.51216697,577590,0,0,0,0,0,0,0,0,5297660,0
"363","FT363",244.934686985302,1193.46276855469,5803955.45816523,0,0,0,0,0,0,0,0,0,0,0
"364","FT364",245.024876768656,796.870300292969,39334686.3564044,0,0,0,48716092,0,0,0,0,0,0,0
"365","FT365",245.113265667166,570.627868652344,67769475.4124043,7305537,0,0,0,0,0,0,0,0,0,0
"366","FT366",246.097369089966,456.049966263672,6788436.67568208,0,0,0,0,0,0,0,0,0,0,0
"367","FT367",246.09729018086,517.149050128906,9825468.17473716,0,0,0,0,0,0,0,0,0,0,0
"368","FT368",246.097247009685,517.255493164062,18388202.8217101,0,0,0,0,0,0,0,0,0,0,0
"369","FT369",247.100599296874,513.471099853516,2535637.53737045,0,0,0,0,0,0,0,0,0,0,0
"370","FT370",248.021711949658,789.432556152344,175387169.666777,0,0,15849913,0,2788553,3219392,0,0,0,0,0
"371","FT371",250.017570779638,788.822814941406,15772786.6174694,0,0,0,0,0,0,0,0,0,0,0
"372","FT372",252.082989199967,651.489929199219,1598076.33962897,0,0,0,0,0,0,0,0,0,0,0
"373","FT373",252.109170299579,177.937210083008,119672210.312359,0,0,0,0,0,0,0,0,0,0,0
"374","FT374",252.14414531886,554.713256835938,71128218.724084,7433270,0,0,0,0,0,0,0,0,0,0
"375","FT375",253.112444121768,184.547080993652,20155072.4016462,0,0,0,0,0,0,0,0,0,0,0
"376","FT376",253.147850508989,554.752197265625,5142251.01170201,0,0,0,0,0,0,0,0,0,0,0
"377","FT377",256.175490553649,119.239639282227,2771583.09289533,0,0,0,0,0,0,0,0,0,0,0
"378","FT378",258.110216625729,579.671997070312,30874321.7276309,2615951,0,0,0,0,0,0,0,0,0,0
"379","FT379",259.030639327225,650.600830078125,1163268.52777146,0,0,0,0,0,0,0,0,0,0,0
"380","FT380",259.128936478884,528.350799560547,2826793.99559645,0,0,0,0,0,0,0,0,0,0,0
"381","FT381",260.001261407742,795.899017333984,45016777.5415222,0,0,0,0,0,0,0,0,0,0,0
"382","FT382",260.11302181741,148.26042175293,8148146.30388589,0,0,0,0,0,0,0,0,0,0,0
"383","FT383",268.104106270316,213.625213623047,145012787.525051,15450703,0,0,0,0,0,0,0,0,0,0
"384","FT384",269.088068500377,358.597534179688,7218095.25402468,0,0,0,0,0,0,0,0,0,0,0
"385","FT385",269.105461731966,575.668365478516,10147738.9248032,0,0,0,0,0,0,0,0,0,0,0
"386","FT386",269.107577018856,213.90380859375,14952209.9760195,0,0,0,0,0,0,0,0,0,0,0
"387","FT387",269.125198440859,553.611389160156,2248218.9125528,0,0,0,0,0,0,0,0,0,0,0
"388","FT388",271.128842649293,495.137542724609,3500363.75933646,0,0,0,0,0,0,0,0,0,0,0
"389","FT389",272.133921055449,523.289743925781,3427819.37815758,0,0,0,0,0,0,0,0,0,0,0
"390","FT390",275.071326988593,591.249938964844,3536930.72089378,0,0,0,0,0,0,0,0,0,0,0
"391","FT391",276.964515294142,790.089630126953,144186938.599221,0,0,29110920,0,1461031,0,0,0,12319442,0,0
"392","FT392",277.965242063836,791.0771484375,18519403.6053694,0,0,0,27161209,0,0,0,0,0,0,0
"393","FT393",278.961376080796,791.803771972656,27990354.3627536,0,0,0,0,0,0,0,0,0,0,0
"394","FT394",282.118495216475,603.292358398438,2447095.90315054,0,0,0,0,0,0,0,0,0,0,0
"395","FT395",283.906586741327,451.127502441406,4241057.97818813,0,0,0,0,0,0,0,0,0,0,0
"396","FT396",284.098977759171,446.629486083984,6234875.70484164,0,0,0,0,0,0,0,0,0,0,0
"397","FT397",285.144507212253,402.993011474609,8549234.94536153,0,0,0,0,0,0,0,0,0,0,0
"398","FT398",285.144531840754,653.081451416016,2945726.1877064,0,0,0,0,0,0,0,0,0,0,0
"399","FT399",286.11336118123,599.65731,7474174.94202852,0,0,0,0,0,0,0,0,0,0,0
"400","FT400",287.043980619347,554.789184570312,15894732.6279627,0,0,5066879,0,0,0,0,0,0,0,0
"401","FT401",289.13934345033,537.3111,9011508.87542854,0,0,0,0,0,0,0,0,0,0,0
"402","FT402",289.248602049782,111.797401428223,878185.392628906,0,0,0,0,0,0,0,0,0,0,0
"403","FT403",292.94198851163,790.335083007812,34944012.421203,0,0,3264229,0,0,0,0,0,0,0,0
"404","FT404",293.990978734627,789.2724609375,11215519.290816,0,0,2098520,0,0,0,0,0,0,0,0
"405","FT405",298.096854457779,144.590866088867,92208064.2784496,0,0,0,0,0,0,0,0,0,0,0
"406","FT406",300.092455963321,157.74870300293,12390263.8581357,0,0,0,0,0,0,0,0,0,0,0
"407","FT407",303.118701435089,591.980895996094,4425518.00967012,0,0,0,0,0,0,0,0,0,0,0
"408","FT408",303.154911254224,465.126456,2534248.87128341,0,0,0,0,0,0,0,0,0,0,0
"409","FT409",317.991094033312,790.57080078125,63254272.2449077,0,0,13140482,0,0,0,0,0,0,0,0
"410","FT410",322.847423455897,182.815330505371,8277768.57101432,0,0,0,0,0,0,0,0,0,0,0
"411","FT411",324.845597438214,181.185920715332,9818669.83186465,0,0,0,0,0,0,0,0,0,0,0
"412","FT412",325.088214027112,403.155456542969,3652641.88395951,0,0,0,0,0,0,0,0,0,0,0
"413","FT413",326.056329063656,312.384796142578,6928304.87184561,0,0,0,0,0,0,0,0,0,0,0
"414","FT414",326.84381724547,183.810150146484,9481941.20558543,0,0,0,0,0,0,0,0,0,0,0
"415","FT415",328.085597145763,403.093887329102,2044041.57096719,0,0,0,0,0,0,0,0,0,0,0
"416","FT416",333.129313586845,608.310913085938,28588794.4427474,3983372,0,0,0,0,0,0,0,0,0,0
"417","FT417",334.132881011375,608.22705078125,5070470.540508,0,0,0,0,0,0,0,0,0,0,0
"418","FT418",338.050152333163,553.825744628906,100197403.524286,0,0,79880072,11214887,0,11270964,0,0,0,0,0
"419","FT419",340.047303208124,555.593658447266,64733825.027887,0,0,26264478,0,0,0,0,0,0,0,0
"420","FT420",344.228014536413,112.456077575684,7022840.43364044,1037462,0,0,0,0,0,0,0,0,0,0
"421","FT421",347.145019536951,374.722183227539,9637648.25003592,1434463,0,0,0,0,0,0,0,0,0,0
"422","FT422",350.931872334796,789.455078125,77817181.8373186,0,0,18977333,0,0,11425126,0,0,14968670,0,0
"423","FT423",351.932429664375,789.938354492188,11143022.4769873,0,0,0,18506018,0,0,0,0,0,0,0
"424","FT424",352.928168989147,789.687133789062,18814753.2077606,0,0,0,0,0,0,0,0,3390904,0,0
"425","FT425",353.05562423362,639.449157714844,13471194.0782753,0,0,0,0,0,0,0,0,0,0,0
"426","FT426",357.165521551336,511.6455078125,3562881.57374555,0,0,0,0,0,0,0,0,0,0,0
"427","FT427",360.150140968322,606.037658691406,4216037.35725926,0,0,0,0,0,0,0,0,0,0,0
"428","FT428",363.015541548181,789.508972167969,69437685.473541,0,0,8798048,2257828,0,2269149,0,0,0,0,0
"429","FT429",365.010832550873,789.207885742188,8923702.48720385,0,0,0,0,0,0,0,0,0,0,0
"430","FT430",366.909502082119,789.127685546875,26611808.645581,0,0,3526673,0,0,0,0,0,0,0,0
"431","FT431",367.95856933377,789.854248046875,13807831.1532278,0,0,3181827,0,0,1895761,0,0,0,0,0
"432","FT432",368.942553240802,790.492126464844,19201197.0415669,0,0,4772732,0,0,2581766,0,0,0,68356926,0
"433","FT433",372.190435550273,606.052490234375,8593120.51019008,0,0,0,0,0,0,0,0,0,0,0
"434","FT434",372.190439303252,660.2626953125,5105685.36936051,0,0,0,0,0,0,0,0,0,0,0
"435","FT435",377.133087058626,605.96904,1806560.30271961,0,0,0,0,0,0,0,0,0,0,0
"436","FT436",377.145853273803,605.718688964844,2823276.44975812,0,0,0,0,0,0,0,0,0,0,0
"437","FT437",385.110477577022,117.383674621582,875161.344054044,0,0,0,0,0,0,0,0,0,0,0
"438","FT438",386.042261009502,229.263938903809,3643026.65824922,0,0,0,0,0,0,0,0,0,0,0
"439","FT439",388.03644184764,230.869262695312,8119353.08210281,0,0,0,0,0,0,0,0,0,0,0
"440","FT440",388.254255540761,110.280136108398,4885664.33439465,820246,0,0,0,0,0,0,0,0,0,0
"441","FT441",391.958322245759,789.455078125,121911774.360183,0,0,31070230,0,0,20294461,0,0,0,0,0
"442","FT442",392.959141697255,789.455078125,20733234.484495,0,0,3119244,31749425,0,0,0,0,0,0,0
"443","FT443",393.954726355199,789.71466,31829865.270492,0,0,2691778,0,0,3147193,0,0,0,0,0
"444","FT444",401.124818388099,313.185989379883,53785859.1360761,0,0,0,0,0,0,0,0,0,0,0
"445","FT445",411.780010711833,185.699760437012,3358365.532289,0,0,0,0,0,0,0,0,0,0,0
"446","FT446",413.778213627286,185.699760437012,6475158.81394491,0,0,0,0,0,0,0,0,0,0,0
"447","FT447",415.776347526761,187.839073181152,4278673.10655431,0,0,0,0,0,0,0,0,0,0,0
"448","FT448",418.159797001607,660.2626953125,1734410.77387933,0,0,0,0,0,0,0,0,0,0,0
"449","FT449",420.901135255067,791.778259277344,19550618.5572604,0,0,7660438,0,0,5956401,0,0,0,0,0
"450","FT450",432.280470069527,108.873176574707,2732280.55404002,563588,0,0,0,0,0,0,0,0,0,0
"451","FT451",433.094421444272,230.80989074707,1992743.94994098,0,0,0,0,0,0,0,0,0,0,0
"452","FT452",444.056787474064,554.694091796875,43665732.4950686,0,0,51282566,8908810,0,8898214,0,0,0,0,0
"453","FT453",448.899321141895,789.687133789062,9654920.4179714,0,0,2893555,0,0,1542600,0,0,0,0,0
"454","FT454",465.925970789792,789.547119140625,183107247.998912,0,0,56253604,0,0,30032404,0,0,0,0,0
"455","FT455",466.926489773236,789.791748046875,29694774.0343145,0,0,5835117,55610917,0,0,0,0,0,0,0
"456","FT456",467.922339015463,789.779052734375,55488818.6206514,0,0,6241893,5978612,0,5814492,0,0,0,0,0
"457","FT457",476.306599972478,106.361389160156,1167676.02420973,266372,0,0,0,0,0,0,0,0,0,0
"458","FT458",478.009713179307,789.71466,52316719.9936802,0,0,8995910,2572197,0,2595968,0,0,0,0,0
"459","FT459",480.004886892611,789.470825195312,8845759.71701026,0,0,0,0,0,0,0,0,0,0,0
"460","FT460",481.903527864682,789.690124511719,18457165.6487849,0,0,3263704,0,0,0,0,0,0,0,0
"461","FT461",494.868741888669,789.462951660156,21667030.5303033,6496013,0,9950148,0,0,6599256,0,0,0,0,0
"462","FT462",518.084845271389,215.374816894531,1403774.89328524,0,0,0,0,0,0,0,0,0,0,0
"463","FT463",580.919895008208,789.547119140625,59471553.6062941,10805727,0,22304303,0,0,10914617,0,0,0,0,0
"464","FT464",581.920371625609,789.889404296875,10409362.6672358,0,0,2722230,21232126,0,0,0,0,0,0,0
"465","FT465",582.916517359175,789.692077636719,21203690.8652303,0,0,3157043,2679015,0,2716649,0,0,0,0,0
"466","FT466",593.00356398155,789.791748046875,49745731.9727505,0,0,11343076,3979840,0,3970592,0,0,0,0,0
"467","FT467",594.00246694923,789.352508544922,4225602.26040735,0,0,0,11326705,0,11321104,0,0,0,0,0
"468","FT468",594.99961808941,789.220275878906,11105598.2877896,0,0,1076626,0,0,0,0,0,0,0,0
"469","FT469",596.89749457796,789.854248046875,9700999.88593837,0,0,2400947,0,0,0,0,0,0,0,0
"470","FT470",695.913953793527,789.470825195312,48510024.4196695,9562265,0,21230018,9556846,0,9574829,0,0,0,0,0
"471","FT471",696.914384864827,789.833557128906,9454506.11079988,0,0,3171164,20919929,0,20965898,0,0,0,0,0
"472","FT472",697.910788411796,789.687133789062,21066147.7268666,3263960,0,3810044,3180808,0,3184969,0,0,0,0,0
"473","FT473",707.99762816498,789.865051269531,31787814.4434281,0,0,8994507,4108786,0,4099991,0,0,0,0,0
"474","FT474",709.994203314424,789.470825195312,8829070.06240862,0,0,1069840,0,0,0,0,0,0,0,0
"475","FT475",711.891639511194,789.854248046875,6413734.09885961,0,0,1947464,0,0,0,0,0,0,0,0
"476","FT476",810.907804976867,789.779052734375,17425380.1739226,3802088,0,8714581,3773295,0,3762442,0,0,0,0,0
"477","FT477",812.904880164334,789.687133789062,8520925.68328976,1455807,0,1824511,1460580,0,1455542,0,0,0,0,0
"478","FT478",822.991515804167,789.71466,14154590.5195438,3121682,0,4771796,3361402,0,3361590,0,0,0,0,0
"479","FT479",824.988199296461,789.101989746094,4861890.63079256,0,0,0,0,0,0,0,0,0,0,0
