"feature","mzmed","rtmed","avgarea","C13","X2C13","S34","S33","N15","O18","Na","NH4","H2O_H","K","X2H"
"FT0001",60.0581717542212,561.956695556641,1822073.64036158,0,0,0,0,0,0,0,0,0,0,0
"FT0002",60.0644834419722,563.912475585938,6309182.36538283,0,0,0,0,0,0,0,0,0,0,0
"FT0003",60.0815274226216,552.167496,439020.016720564,0,0,0,0,0,0,0,0,0,0,0
"FT0004",60.081512277492,319.765716552734,2366714.30922006,0,0,0,0,0,0,0,0,0,0,0
"FT0005",62.0193309457731,493.102325439453,690368.255250287,0,0,0,0,0,0,0,0,0,0,0
"FT0006",62.0607924328965,768.884796142578,84293244.5469478,2275384,0,0,0,0,0,0,0,0,0,0
"FT0007",63.02703175485,492.586151123047,4712612.37722055,0,0,0,0,0,0,0,0,0,0,0
"FT0008",68.050182416488,468.974731445312,856654.946968672,0,0,0,0,0,0,0,0,0,0,0
"FT0009",68.0501577939747,575.192596435547,285182.241554559,0,0,0,0,0,0,0,0,0,0,0
"FT0010",69.0341796730626,612.507397294922,774508.674800622,0,0,0,0,0,0,0,0,0,0,0
"FT0011",70.0658201288959,447.946533203125,11905222.8641287,0,0,0,0,0,0,0,0,0,0,0
"FT0012",71.0691424268997,447.83544921875,442300.699427277,0,0,0,0,0,0,0,0,0,0,0
"FT0013",72.0814611988826,421.477172851562,9891400.34059572,0,0,0,0,0,0,0,0,0,0,0
"FT0014",72.0814423043868,314.041839599609,14657972.6433534,0,0,0,0,0,0,0,0,0,0,0
"FT0015",72.081454148541,326.595336914063,6453969.99046186,0,0,0,0,0,0,0,0,0,0,0
"FT0016",73.0290865396881,492.935684204102,866445.471927415,0,0,0,0,0,0,0,0,0,0,0
"FT0017",73.0766996772959,558.597473144531,1164440.53819418,0,0,0,0,0,0,0,0,0,0,0
"FT0018",73.0847818955453,303.615020751953,488897.813969885,0,0,0,0,0,0,0,0,0,0,0
"FT0019",74.0607102002642,592.717559814453,2889598.14291508,0,0,0,0,0,0,0,0,0,0,0
"FT0020",74.0606951965403,554.105773925781,2034452.37741656,0,0,0,0,0,0,0,0,0,0,0
"FT0021",74.0970955134819,586.862609863281,38203366.6291749,0,0,0,0,0,0,0,0,0,0,0
"FT0022",74.0970887750725,540.241394042969,93579719.4351447,4234256,0,0,0,360087,0,0,0,0,0,0
"FT0023",75.0941096739613,540.763061523438,310915.704874372,0,0,0,0,0,0,0,0,0,0,0
"FT0025",76.0399688618242,624.963134765625,5527118.70681919,0,0,0,0,0,0,0,0,0,0,0
"FT0026",76.0399507331252,652.685546875,739363.166132934,0,0,0,0,0,0,0,0,0,0,0
"FT0027",76.0399408152733,249.267158508301,2076630.87076694,0,0,0,0,0,0,0,0,0,0,0
"FT0028",76.0399322509766,206.579582214355,2861675.40980897,0,0,0,0,0,0,0,0,0,0,0
"FT0029",76.0763258236447,311.809417724609,1030292365.87913,35591810,0,0,0,4056795,2445937,0,0,0,0,0
"FT0030",76.0763354841072,777.173889160156,1698767.08018213,0,0,0,0,0,0,0,0,0,0,0
"FT0031",76.103451504832,449.758270263672,1119648.80935575,0,0,0,0,0,0,0,0,0,0,0
"FT0034",77.1097127085951,449.818786621094,5053541.07954396,0,0,0,0,0,0,0,0,0,0,0
"FT0036",80.0501137979043,8.68151950836182,13332299.299262,760530,0,0,0,0,0,0,0,0,0,0
"FT0037",80.1316299210448,425.021728515625,4996431.43851589,0,0,0,0,0,0,0,0,0,0,0
"FT0038",80.980326862944,1229.87310791015,3901971.3083602,0,0,0,0,0,0,0,0,0,0,0
"FT0039",84.0449911082374,650.383270263672,7856350.23910707,0,0,0,0,0,0,0,0,0,0,0
"FT0040",84.0449958067887,596.982299804688,11769840.3931317,0,0,0,0,0,0,0,0,0,0,0
"FT0041",84.0449748019621,359.443603515625,11849443.7131126,0,0,0,0,0,0,0,0,0,0,0
"FT0042",84.0449854729152,437.79248046875,1744712.027904,0,0,0,0,0,0,0,0,0,0,0
"FT0043",84.0813429017398,842.116577148438,1208986.95445296,0,0,0,0,0,0,0,0,0,0,0
"FT0044",84.0813575541182,467.327758789062,3719582.5176211,0,0,0,0,0,0,0,0,0,0,0
"FT0045",85.029017070707,603.051208496094,1583118.07532144,0,0,0,0,0,0,0,0,0,0,0
"FT0046",85.0289601227809,267.810119628906,1933318.50186075,0,0,0,0,0,0,0,0,0,0,0
"FT0047",85.0289615617996,344.108001708984,4293201.72473646,0,0,0,0,0,0,0,0,0,0,0
"FT0048",85.0289712292493,218.385757446289,3945982.35136979,0,0,0,0,0,0,0,0,0,0,0
"FT0049",85.0289760137153,731.361572265625,843738.253718799,0,0,0,0,0,0,0,0,0,0,0
"FT0050",85.0289996594507,469.782470703125,1657616.74953464,0,0,0,0,0,0,0,0,0,0,0
"FT0051",85.0289724914897,160.985610961914,7103349.9864757,0,0,0,0,0,0,0,0,0,0,0
"FT0052",85.028968192131,521.814086914062,1154855.03943857,0,0,0,0,0,0,0,0,0,0,0
"FT0053",85.0483342176846,595.998168945312,538798.410362646,0,0,0,0,0,0,0,0,0,0,0
"FT0054",85.0514307068676,324.6572265625,1884355.03866136,0,0,0,0,0,0,0,0,0,0,0
"FT0055",86.0605996016604,582.999633789062,3625234.22321783,0,0,0,0,0,0,0,0,0,0,0
"FT0057",86.0970002427406,346.63330078125,5549596.70947432,0,0,0,0,0,0,0,0,0,0,0
"FT0058",87.0446037001786,495.858673095703,2336601.84045255,0,0,0,0,0,0,0,0,0,0,0
"FT0059",87.0445954199135,137.853607177734,18114299.0290006,0,0,0,0,0,0,0,0,0,0,0
"FT0060",87.0446214735487,415.609466552734,5415091.17232212,0,0,0,0,0,0,0,0,0,0,0
"FT0061",87.0446062807738,400.458435058594,6019236.08659791,0,0,0,0,0,0,0,0,0,0,0
"FT0062",87.0446299501363,613.284423828125,3852434.26918333,0,0,0,0,0,0,0,21927944,0,0,0
"FT0063",87.044613576935,528.730407714844,2697348.18298305,0,0,0,0,0,0,0,0,0,0,0
"FT0064",87.0446120880154,586.096313476562,4451245.36548456,0,0,0,0,0,0,0,0,0,0,0
"FT0065",87.0639506618967,612.519683837891,203034.111502278,0,0,0,0,0,0,0,0,0,0,0
"FT0066",87.094027007558,342.095062255859,3121431.37774219,0,0,0,0,0,0,0,0,0,0,0
"FT0067",88.0398778220978,650.599273681641,998540.103392209,0,0,0,0,0,0,0,0,0,0,0
"FT0068",88.0479525974731,614.0068359375,240994.35642424,0,0,0,0,0,0,0,0,0,0,0
"FT0069",88.076251673904,235.267822265625,10670330.7040479,0,0,0,0,0,0,0,0,0,0,0
"FT0070",88.1126451500049,508.923614501953,4376311.04939962,0,0,0,0,0,0,0,0,0,0,0
"FT0071",89.0423807737281,603.243469238281,549140.409876622,0,0,0,0,0,0,0,0,0,0,0
"FT0072",89.060256718459,135.084457397461,3020039.86295957,0,0,0,0,0,0,0,0,0,0,0
"FT0074",90.0555074590479,609.544189453125,10376034.0922101,0,0,0,0,0,0,0,0,0,0,0
"FT0075",90.0555117274545,577.636901855469,8818206.80740181,0,0,0,0,0,0,0,0,0,0,0
"FT0076",90.0555057246396,535.394226074219,8906706.88135185,0,0,0,0,0,0,0,0,0,0,0
"FT0077",90.0918982185719,326.78271484375,62609812.5587833,0,0,0,0,0,0,0,0,0,0,0
"FT0078",90.0918496514279,294.024703979493,122974954.251517,5455235,0,0,0,0,0,0,0,0,0,0
"FT0079",91.054752519145,197.751007080078,10956957.2427135,0,0,0,0,0,0,0,0,0,0,0
"FT0080",91.0588112813978,543.440551757812,871296.801438405,0,0,0,0,0,0,0,0,0,0,0
"FT0083",91.095218757875,325.843048095703,1218189.4754875,0,0,0,0,0,0,0,0,0,0,0
"FT0084",93.0452418476202,191.659439086914,2031448.88406867,0,0,0,0,0,0,0,0,0,0,0
"FT0085",93.0452295918196,409.900146484375,2873500.05305261,0,0,0,0,0,0,0,0,0,0,0
"FT0086",93.0703863665289,206.060195922852,4169374.08597568,0,0,0,0,0,0,0,0,0,0,0
"FT0087",93.0743183379092,578.247314453125,8435538.53820388,0,0,0,0,0,0,0,0,0,0,0
"FT0088",94.0292491294335,666.200378417969,5050859.86599046,0,0,0,0,0,0,0,0,0,0,0
"FT0089",94.0455772460972,787.028381347656,138913942.944381,0,0,0,0,0,0,0,0,0,0,0
"FT0090",94.065662459263,15.1612644195557,6902452.34886405,0,0,0,0,0,0,0,0,0,0,0
"FT0091",94.0656424757701,259.902038574219,4585774.05729824,0,0,0,0,0,0,0,0,0,0,0
"FT0092",95.0244879686511,330.553955078125,6306496.96877384,0,0,0,0,0,0,0,0,0,0,0
"FT0093",95.0608688491068,425.441986083984,6139212.25977766,0,0,0,0,0,0,0,0,0,0,0
"FT0094",96.0448739023261,404.937774658203,3077274.7063529,0,0,0,0,0,0,0,0,0,0,0
"FT0095",96.957779450177,1191.96228027344,13024917.8994164,0,0,0,0,0,0,0,0,0,0,0
"FT0096",96.9577802156613,1225.15209960938,8259817.85322214,0,0,0,0,0,0,0,0,0,0,0
"FT0097",97.0401392050372,160.373458862305,2922638.56130812,0,0,0,0,0,0,0,0,0,0,0
"FT0098",97.0764865753424,470.77326965332,14847197.6229425,0,0,0,0,0,0,0,0,0,0,0
"FT0099",97.0844760679125,194.241149902344,488334.653820314,0,0,0,0,0,0,0,0,0,0,0
"FT0100",97.9918248056916,1176.69354248047,86836148.0190085,1847003,0,0,0,0,0,0,0,0,0,0
"FT0101",98.0604841954118,550.330383300781,1317463.30956146,0,0,0,0,0,0,0,0,0,0,0
"FT0102",98.0717356084643,1284.51458740234,11920375.5638463,0,0,0,0,0,0,0,0,0,0,0
"FT0103",98.0798106543506,474.395446777344,646806.381944988,0,0,0,0,0,0,0,0,0,0,0
"FT0104",98.9846511407832,102.62281036377,782934.363495055,0,0,0,0,0,0,0,0,0,0,0
"FT0105",98.9846299271754,702.223205566406,909043.873346372,0,0,0,0,0,0,0,0,0,0,0
"FT0106",100.039782955354,498.990844726562,1611583.75414987,0,0,0,0,0,0,0,0,0,0,0
"FT0107",101.023765563965,577.981140136719,6825354.57687369,0,0,0,0,0,0,0,0,0,0,0
"FT0108",101.107772099832,523.662475585938,3006184.67588175,0,0,0,0,0,0,0,0,0,0,0
"FT0109",102.055396911816,649.904296875,2647474.65815421,0,0,0,0,0,0,0,0,0,0,0
"FT0110",102.055366060641,560.276123046875,815311.075209652,0,0,0,0,0,0,0,0,0,0,0
"FT0111",102.128135375275,341.23583984375,4695395.48760386,0,0,0,0,0,0,0,0,0,0,0
"FT0112",103.039396221848,723.364379882812,547151.893880806,0,0,0,0,0,0,0,0,0,0,0
"FT0113",103.054640375567,261.424133300781,2257470.02135128,0,0,0,0,0,0,0,22247747,0,0,0
"FT0114",103.0546350304,197.982391357422,2314562.16293593,0,0,0,0,0,0,0,0,0,0,0
"FT0115",103.955911199071,183.089736938477,4174501.39729801,0,0,0,0,0,0,0,0,0,0,0
"FT0116",104.053245544434,376.036529541016,2245656.06162181,0,0,0,0,0,0,0,0,0,0,0
"FT0118",104.070976278548,415.500854492188,191734961.720957,0,0,0,0,0,0,0,0,0,0,0
"FT0119",104.107391465752,552.233795166016,127342342.171322,6874123,0,0,0,449549,0,0,0,0,0,0
"FT0120",104.107401531598,660.092559814453,58978600.823964,0,0,0,0,0,0,0,0,0,0,0
"FT0121",105.054993458237,529.873901367188,2187532.10778015,0,0,0,0,0,0,0,0,0,0,0
"FT0122",105.068005345741,412.05810546875,1270155.05510869,0,0,0,0,0,0,0,0,0,0,0
"FT0123",105.07432139931,412.548858642578,5100682.42729985,0,0,0,0,0,0,0,0,0,0,0
"FT0124",105.074352016349,613.904113769531,1382217.29551133,0,0,0,0,0,0,0,0,0,0,0
"FT0125",105.104451796706,630.930541992188,1052620.09717288,0,0,0,0,0,0,0,0,0,0,0
"FT0128",105.954086908553,184.54801940918,2049427.60883259,0,0,0,0,0,0,0,0,0,0,0
"FT0129",106.050300520833,623.525512695312,2729593.63530106,0,0,0,0,0,0,0,0,0,0,0
"FT0131",106.08666605181,463.568817138672,8546498.5725367,0,0,0,0,0,0,0,0,0,0,0
"FT0132",106.086673369269,331.335754394531,6967863.66308068,0,0,0,0,0,0,0,0,0,0,0
"FT0133",106.111611348928,552.16748046875,180776.872872497,0,0,0,0,0,0,0,0,0,0,0
"FT0134",107.967219979233,280.712932505859,873749.578855413,0,0,0,0,0,0,0,0,0,0,0
"FT0135",108.044764131423,259.307434082031,1057512.87908548,0,0,0,0,0,0,0,0,0,0,0
"FT0136",108.055997484686,266.095016479493,1259842.57473051,0,0,0,0,0,0,0,0,0,0,0
"FT0137",109.039999270555,266.568969726562,1230850.57400128,0,0,0,0,0,0,0,0,0,0,0
"FT0138",110.027403086976,593.384033203125,842771.111482161,0,0,0,0,0,0,0,0,0,0,0
"FT0139",110.035251040598,401.876312255859,1120627.9666404,0,0,0,0,0,0,0,0,0,0,0
"FT0140",110.035185568069,288.024337768554,614468.549323473,0,0,0,0,0,0,0,0,0,0,0
"FT0141",110.071614892511,580.359436035156,8545178.18702668,0,0,0,0,0,0,0,0,0,0,0
"FT0142",111.068698337304,580.705871582031,5753158.9552455,0,0,0,0,0,0,0,0,0,0,0
"FT0143",112.039671425247,669.050140380859,1101041.08686576,0,0,0,0,0,0,0,0,0,0,0
"FT0144",112.050892389643,324.596160888672,137459717.320282,5962696,0,0,0,0,0,0,0,0,0,0
"FT0145",112.050901904741,388.072086,28639604.6140687,0,0,0,0,0,0,0,0,0,0,0
"FT0146",112.050888285215,289.527221679688,24627295.8751641,1036909,0,0,0,0,0,0,0,0,0,0
"FT0147",112.06211751023,235.201431274414,614973.095990068,0,0,0,0,0,0,0,0,0,0,0
"FT0148",113.047939729903,324.029937744141,2066109.79660711,0,0,0,0,0,0,0,0,0,0,0
"FT0149",113.047948490038,390.525466918946,1064460.60351809,0,0,0,0,0,0,0,0,0,0,0
"FT0152",113.054201489249,389.549285888672,1430178.03561559,0,0,0,0,0,0,0,0,0,0,0
"FT0153",113.060054511857,107.866806030273,16312751.8706112,0,0,0,0,0,0,0,0,0,0,0
"FT0154",113.071272740449,642.361328125,1559497.26576926,0,0,0,0,0,0,0,0,0,0,0
"FT0155",113.107694116645,349.285369873047,6557927.47344281,0,0,0,0,0,0,0,0,0,0,0
"FT0156",114.055313195259,582.369384765625,650335.191435579,0,0,0,0,0,0,0,0,0,0,0
"FT0157",114.066502408439,243.33235168457,5139942.25251585,0,0,0,0,0,0,0,0,0,0,0
"FT0158",114.066472620092,579.487609863281,1426445.04994906,0,0,0,0,0,0,0,0,0,0,0
"FT0159",114.091673392077,124.801765441895,9300145.85195666,583985,0,0,0,0,0,0,0,0,0,0
"FT0160",115.039267561063,144.065307617188,364191.414151984,0,0,0,0,0,0,0,0,0,0,0
"FT0161",115.075644821056,132.544296264648,18806296.3726631,0,0,0,0,0,0,0,0,0,0,0
"FT0162",115.086875007354,225.225234985352,1520627.75356363,0,0,0,0,0,0,0,0,0,0,0
"FT0164",115.123279837442,543.948059082031,1497245.75640011,0,0,0,0,0,0,0,0,0,0,0
"FT0165",116.051672182098,324.378326416016,2998718.50083587,0,0,0,0,128137323,0,0,0,0,0,0
"FT0166",116.070895723499,448.150634765625,90715872.8299664,4996671,0,0,0,0,0,0,0,0,0,0
"FT0167",116.070927060024,193.009292602539,4164578.2392653,0,0,0,0,0,0,0,0,0,0,0
"FT0168",116.070944267686,864.404052734375,4880618.51802823,0,0,0,0,0,0,0,0,0,0,0
"FT0169",116.107294677342,551.223510742188,1263712.88296837,0,0,0,0,0,0,0,0,0,0,0
"FT0170",116.118513633951,544.844970703125,3462352.094527,0,0,0,0,0,0,0,0,0,0,0
"FT0171",116.984830798698,451.22737121582,916093.687363171,0,0,0,0,0,0,0,0,0,0,0
"FT0172",117.04506608695,665.819946289062,2196882.67466486,0,0,0,0,0,0,0,0,0,0,0
"FT0173",117.048646940113,324.212524414062,148559708.722291,0,0,0,0,0,2331106,0,0,0,0,0
"FT0174",117.054920647997,566.422171597656,9659516.94829807,0,0,0,0,0,0,0,0,0,0,0
"FT0176",117.113760857707,560.435180664062,720065.742684603,0,0,0,0,0,0,0,0,0,0,0
"FT0177",118.032360111643,169.743286132812,22443025.9236564,949833,0,1073066,0,0,0,0,0,0,0,0
"FT0178",118.050324007283,364.307220458984,907052.064408787,0,0,0,0,0,0,0,0,0,0,0
"FT0180",118.058190780022,566.86767578125,446374.07990639,0,0,0,0,0,0,0,0,0,0,0
"FT0181",118.061589825013,621.908294677734,1811392.74626455,0,0,0,0,0,0,0,0,0,0,0
"FT0182",118.065409656955,201.664337158204,18807535.5728886,0,0,0,0,0,0,0,0,0,0,0
"FT0183",118.08645156073,344.069000244141,4192676743.07821,234553758,5143493,0,0,15034311,17478403,0,0,0,0,0
"FT0184",118.086500309503,424.326446533203,89182796.7014186,4831981,0,0,0,0,0,0,0,0,0,0
"FT0185",118.122707505008,345.002487182617,4528633.15951873,0,0,0,0,0,0,0,0,0,0,0
"FT0186",119.034113058916,567.535705566406,21901038.7178347,774407,0,0,0,0,0,0,0,16744464,0,0
"FT0187",119.035461310063,229.742141723633,1292685.7311475,0,0,0,0,0,0,0,227342805,0,0,0
"FT0188",119.035462706094,197.605690002441,1650863.72568093,0,0,0,0,0,0,0,0,0,0,0
"FT0189",119.035469055175,291.593017578125,735422.94631274,0,0,0,0,0,0,0,0,0,0,0
"FT0190",119.04933996791,466.768692016601,612801.886150189,0,0,0,0,0,0,0,0,0,0,0
"FT0192",119.06067203846,208.095962524414,463690.504870485,0,0,0,0,0,0,0,0,0,0,0
"FT0193",119.060688347898,260.183532714844,435442.055385014,0,0,0,0,0,0,0,0,0,0,0
"FT0194",119.06064314835,390.590866088867,2157233.6315846,0,0,0,0,0,0,0,0,0,0,0
"FT0197",119.08979662067,424.210632324219,3522313.41799819,0,0,0,0,0,0,0,0,0,0,0
"FT0198",120.032549526854,231.497741699219,1489976.97361807,0,0,0,0,798002,0,0,0,0,0,0
"FT0199",120.06579430157,586.331390380859,5914647.08820536,0,0,0,0,0,0,0,0,0,0,0
"FT0200",120.065755455137,571.538635253906,3641418.27494049,0,0,0,0,0,0,0,0,0,0,0
"FT0204",120.97251041808,1195.45886230469,91225285.176888,0,0,0,0,0,0,0,0,0,0,0
"FT0205",120.972444427497,1224.78112792969,90219066.1606353,0,0,0,0,0,0,0,0,0,0,0
"FT0206",121.032016412326,414.843811035156,280962631.863278,11789980,0,12487792,2150047,0,0,0,0,0,0,0
"FT0208",121.064999181714,210.979080200195,22985938.6256275,0,0,0,0,0,0,0,0,0,0,0
"FT0209",121.068425063251,555.920776367188,2725318.43016841,0,0,0,0,0,0,0,0,0,0,0
"FT0210",121.084361954491,263.033279418945,1464677.2135468,0,0,0,0,0,0,0,0,0,0,0
"FT0211",121.10227389425,469.06297302246,4221577.82686055,0,0,0,0,0,0,0,0,0,0,0
"FT0212",121.973335645697,1196.68957519531,10721253.4893564,0,0,0,0,12033341,0,0,0,0,0,0
"FT0213",122.006492614746,1252.94354248047,70464957.9523006,0,0,0,0,0,0,0,0,0,0,0
"FT0214",122.006575054394,464.098220825195,10640908.586678,0,0,0,0,0,0,0,0,0,0,0
"FT0215",122.006539843143,1191.01000976562,92719220.6999472,0,0,0,0,0,0,0,0,0,0,0
"FT0220",122.068353030473,201.656143188477,3319370.77485409,0,0,0,0,0,0,0,0,0,0,0
"FT0221",122.071542133785,551.819519042969,1480744.15854742,0,0,0,0,0,0,0,0,0,0,0
"FT0222",122.081448508027,424.220092773438,25235091.4503959,0,0,0,0,0,0,0,0,0,0,0
"FT0223",122.108473762438,449.80810546875,13299494.8232587,0,0,0,0,0,0,0,0,0,0,0
"FT0224",122.970080090284,1236.82257080078,7310337.11266615,0,0,0,0,0,0,0,0,0,0,0
"FT0225",123.007383813687,1191.00062488281,9425237.70389591,0,0,0,0,10412187,0,0,0,0,0,0
"FT0226",123.00730413709,1224.9560546875,8086609.27590724,0,0,0,0,0,0,0,0,0,0,0
"FT0228",123.055491691644,155.750122070312,43462281.2343918,2821309,0,0,0,0,0,0,0,0,0,0
"FT0229",123.084743748449,424.113082885742,782435.695785075,0,0,0,0,0,0,0,0,0,0,0
"FT0230",123.096950574851,344.005889892578,11987053.575514,488990820,0,0,0,0,0,0,0,0,0,0
"FT0231",123.103132795929,343.971435546875,4150703.84557928,0,0,0,0,480488304,0,0,0,0,0,0
"FT0232",123.114726634931,449.838790893554,55987390.2231909,3028451,0,0,0,0,0,0,0,0,0,0
"FT0233",124.004020315376,1228.54736328125,7985765.34368253,0,0,0,0,0,0,0,0,0,0,0
"FT0235",124.039478334259,197.119064331055,115819484.179709,7351855,0,0,0,0,0,0,0,0,0,0
"FT0238",124.041339501645,137.122344970703,24752069.0586599,0,0,0,0,28371937,0,0,0,0,0,0
"FT0241",124.897530341353,447.162826538086,7603268.01540822,0,0,0,0,0,0,0,0,0,0,0
"FT0243",125.071136068508,250.974105834961,12267203.1760749,0,0,0,0,0,0,0,0,0,0,0
"FT0244",125.07918732707,193.165084838867,1199042.25882865,0,0,0,0,0,0,0,0,0,0,0
"FT0245",125.130397484978,425.520233154297,892476.225375178,0,0,0,0,0,0,0,0,0,0,0
"FT0246",126.02213757641,582.978302001953,10646041.5036519,0,0,0,0,0,0,0,0,0,0,0
"FT0247",126.043677048878,210.397766113281,1601538.02181727,0,0,0,0,0,0,0,0,0,0,0
"FT0248",126.06630452747,263.20118713379,159814878.482317,0,0,0,0,0,0,0,0,0,0,0
"FT0249",126.091420080861,470.620162963867,2463240.00321156,0,0,0,0,0,0,0,0,0,0,0
"FT0250",126.136669842807,425.021728515625,13130365.6904284,736918,0,0,0,0,0,0,0,0,0,0
"FT0251",127.032623291016,199.98762512207,607829.075014854,0,0,0,0,0,0,0,0,0,0,0
"FT0252",127.039202113426,603.4404296875,986721.132157634,0,0,0,0,0,0,0,0,0,0,0
"FT0253",127.050342340222,172.892730712891,3702439.31046099,0,0,0,0,0,0,0,0,0,0,0
"FT0255",127.069659549265,263.693023681641,11622425.4010642,0,0,0,0,0,0,0,0,0,0,0
"FT0256",127.072864300914,322.365447998047,209945194.43925,0,0,0,0,0,0,0,0,0,0,0
"FT0257",128.017911892746,582.47304,394340.803888476,0,0,0,0,0,0,0,0,0,0,0
"FT0259",128.076152170302,321.680114746094,9584461.99101263,0,0,0,0,0,0,0,0,0,0,0
"FT0260",128.118371084093,559.419799804688,1097894.91240712,0,0,0,0,0,0,0,0,0,0,0
"FT0261",128.131141840137,265.318032,1330573.70514524,0,0,0,0,0,0,0,0,0,0,0
"FT0262",128.95368085337,462.220703125,2279891.64833597,0,0,0,0,0,0,0,0,0,0,0
"FT0263",129.066036125532,498.930023193359,50695497.9054806,2706391,0,0,0,0,0,0,0,0,0,0
"FT0264",130.047265663423,585.82958984375,1865546.70344485,0,0,0,0,0,0,0,0,0,0,0
"FT0265",130.050016515725,596.927673339844,46124476.5328153,2468389,0,0,0,0,0,0,77778344,0,0,0
"FT0266",130.049982965081,378.399703979492,3112249.30536024,0,0,0,0,0,0,0,0,0,0,0
"FT0267",130.050019077549,649.933288574219,12606689.2205511,671320,0,0,0,0,0,0,0,0,0,0
"FT0269",130.08642110636,223.356567382812,7380418.68107679,0,0,0,0,0,0,0,0,0,0,0
"FT0270",130.086395100059,577.393676757812,4912358.48955184,0,0,0,0,0,0,0,0,0,0,0
"FT0271",130.086407864233,426.3251953125,6668410.34564116,0,0,0,0,0,0,0,0,0,0,0
"FT0272",130.086373546806,842.615112304688,5674086.28996391,0,0,0,0,0,0,0,0,0,0,0
"FT0273",130.086358849504,963.652191162109,5617435.30774249,0,0,0,0,0,0,0,0,0,0,0
"FT0274",130.15919935757,315.111022949219,15744953.4128637,1353478,0,0,0,0,0,0,0,0,0,0
"FT0277",131.070378381901,495.267333984375,7530905.7354977,0,0,0,0,0,0,0,0,0,0,0
"FT0278",131.070379908909,452.10595703125,10145818.7959879,0,0,0,0,0,0,0,0,0,0,0
"FT0279",131.070443410593,153.674789428711,3513382.18484712,0,0,0,0,0,0,0,0,0,0,0
"FT0280",131.075376032282,166.560104370117,1299264.51327611,0,0,0,0,0,0,0,0,0,0,0
"FT0281",132.065750093266,579.70458984375,11735515.2168842,0,0,0,0,0,0,0,0,0,0,0
"FT0282",132.065628971257,268.128082275391,2720620.89332351,0,0,0,0,0,0,0,0,0,0,0
"FT0283",132.076889608936,573.441314697266,117556187.562503,5129300,0,0,0,0,0,0,0,0,0,0
"FT0284",132.101993305547,348.048629760742,29508447.3988056,1884661,0,0,0,0,0,0,0,0,0,0
"FT0285",132.102012441115,475.354553222656,529939840.175489,33983312,881709,0,0,1899170,1870489,0,0,0,0,0
"FT0286",132.102045320014,305.766265869141,128282256.26117,8174590,0,0,0,0,0,0,0,0,0,0
"FT0287",132.132183323008,139.105178833008,1395225.59254302,0,0,0,0,0,0,0,0,0,0,0
"FT0288",133.027836387536,787.534729003906,381619976.238906,0,0,17640064,2654885,2507355,3126742,0,0,0,0,0
"FT0289",133.031872852009,369.042877197266,5151032.9882955,0,0,0,0,0,0,0,21177066,0,0,0
"FT0290",133.049652099609,147.385879516602,727271.71676987,0,0,0,0,0,0,0,0,1176413,0,0
"FT0291",133.061016995623,604.236328125,1988046.09427161,0,0,0,0,0,0,0,0,0,0,0
"FT0293",133.073920826323,570.656768798828,2007029.88258025,0,0,0,0,0,0,0,0,0,0,0
"FT0295",133.08405709379,250.597885131836,896204.08330203,0,0,0,0,0,0,0,0,0,0,0
"FT0296",133.086043837454,130.282333374023,1887016.11673667,0,0,0,0,0,0,0,0,0,0,0
"FT0297",133.097292928306,864.429565429688,2313735.50810203,0,0,0,0,0,0,0,0,0,0,0
"FT0298",133.098988438956,342.176148,7278078.37587538,0,0,0,0,0,0,0,0,0,0,0
"FT0302",133.105323139899,350.481018066406,1589000.80241224,0,0,0,0,0,0,0,0,0,0,0
"FT0303",133.138457797234,132.995155334473,20701678.5061183,0,0,0,0,0,0,0,0,0,0,0
"FT0306",134.032557844851,323.885467529297,1413695.12877978,0,0,0,0,0,0,0,0,0,0,0
"FT0307",134.044941694208,665.502838134766,4089926.20365933,0,0,0,0,0,0,0,0,0,0,0
"FT0308",134.081029407001,572.613220214844,1195298.26945309,0,0,0,0,0,0,0,0,0,0,0
"FT0309",134.081256450818,526.468322753906,3623599.77045975,0,0,0,0,0,0,0,0,0,0,0
"FT0310",134.090349978778,247.725280761719,1923708.54826528,0,0,0,0,0,0,0,0,0,0,0
"FT0312",134.117613433251,557.366455078125,376045.28631334,0,0,0,0,0,0,0,0,0,0,0
"FT0314",135.030270720748,401.909729003906,2869681.48275286,0,0,0,0,0,0,0,269234158,0,0,0
"FT0316",135.047465931711,492.605987548828,1132401609.81371,63066921,1062077,53541930,8160084,0,4396902,0,0,0,0,0
"FT0317",135.055458416954,665.851867675781,714928.286670625,0,0,0,0,0,0,0,0,0,0,0
"FT0320",136.050689708923,357.791091918945,4450024.91637763,0,0,0,0,0,0,0,19577583,0,0,0
"FT0321",136.061873030384,231.491088867188,219632255.780397,12079338,0,0,0,0,0,0,0,0,0,0
"FT0322",136.06182334751,179.923133850097,39971848.4138823,0,0,0,0,0,0,0,0,0,0,0
"FT0323",136.075764830573,466.641841727539,4144395.48438951,0,0,0,0,0,0,0,0,0,0,0
"FT0324",136.157253235361,138.053787231445,1321502.44717843,0,0,0,0,0,0,0,0,0,0,0
"FT0325",136.994277941822,246.660873413085,1693140.05034579,0,0,0,0,0,0,0,0,0,0,0
"FT0326",137.026754467851,342.66650390625,2106256.15829861,0,0,0,0,0,0,0,0,0,0,0
"FT0328",137.045881749343,288.811752319336,116753158.67148,6387655,0,0,0,0,0,0,0,0,0,0
"FT0329",137.045852419685,354.953094482422,33747717.5201912,0,0,0,0,0,0,0,0,0,0,0
"FT0330",137.045903354492,252.232833862305,3539516.32578364,0,0,0,0,0,0,0,0,0,0,0
"FT0331",137.045835440267,243.051544189453,2424230.51697322,0,0,0,0,0,0,0,0,0,0,0
"FT0334",137.058947239935,231.498565673829,9724032.728329,0,0,0,0,0,0,0,0,0,0,0
"FT0335",137.063162040546,558.548706054688,1877757.15520836,0,0,0,0,0,0,0,0,0,0,0
"FT0336",137.063102123307,763.440032958984,5801294.72202122,0,0,0,0,0,0,0,0,0,0,0
"FT0338",137.065142924593,192.803604125977,4295353.76150281,0,0,0,0,0,0,0,0,0,0,0
"FT0339",137.163500969547,132.505035400391,61289963.3567958,4433647,0,0,0,286773,0,0,0,0,0,0
"FT0340",137.983166285753,790.114776611328,18325941.6832026,0,0,0,0,0,0,0,0,0,0,0
"FT0341",137.983894948559,1192.1943359375,11391537.5308405,0,0,0,0,0,0,0,0,0,0,0
"FT0342",138.027661996831,402.058227539062,2065075.47800027,0,0,0,0,0,0,0,0,0,0,0
"FT0343",138.042890646236,290.495193481445,1891153.93936707,0,0,0,0,0,0,0,0,0,0,0
"FT0346",138.055048278604,259.990432739258,433441206.834661,32145402,0,0,0,0,1465312,0,0,0,0,0
"FT0347",138.055021255393,378.888580322266,228901247.226284,17282943,0,0,0,0,757718,0,0,0,0,0
"FT0348",138.05586704461,231.491088867188,493950164.546425,26445934,548395,0,0,5995101,0,0,0,0,0,0
"FT0349",138.13655090332,389.611633300781,326764.813173363,0,0,0,0,0,0,0,0,0,0,0
"FT0351",138.169783638356,133.42227935791,1762167.43876048,0,0,0,0,0,0,0,0,0,0,0
"FT0352",139.030372796242,324.062896728516,4700218.47807394,0,0,0,0,0,0,0,0,0,0,0
"FT0353",139.050278247372,190.335815429688,9176563.53865246,0,0,0,0,0,0,0,0,14294171,0,0
"FT0354",139.050252879693,401.332153320312,121740932.361389,0,0,0,0,0,0,0,0,5644672,0,0
"FT0355",139.050301847259,469.859710693359,2981348.38301047,0,0,0,0,0,0,0,0,0,0,0
"FT0356",139.052126309112,261.282806396484,1522107.70111049,0,0,0,0,0,0,0,0,0,0,0
"FT0357",139.052934476834,231.51936340332,6055347.17168811,0,0,0,0,0,0,0,0,0,0,0
"FT0361",139.142823823886,364.199279785156,4554227.43774598,0,0,0,0,0,0,0,0,0,0,0
"FT0362",140.034333854719,668.706726074219,796636.438360111,0,0,0,0,0,0,0,0,0,0,0
"FT0363",140.037624371239,433.550628662109,6332228.55248023,0,0,0,0,0,0,0,0,0,0,0
"FT0364",140.037640466826,645.796325683594,2580016.80688578,0,0,0,0,0,0,0,0,0,0,0
"FT0366",140.053557207857,402.772216796875,8532565.32502865,0,0,0,0,0,0,0,0,0,0,0
"FT0367",140.059122502955,260.179138183594,1003364.99025608,0,0,0,0,0,0,0,0,0,0,0
"FT0368",140.06181399159,259.589553833007,731657.530193015,0,0,0,0,0,0,0,0,0,0,0
"FT0369",140.068161010742,343.96240234375,3940872.86782472,0,0,0,0,0,0,0,0,0,0,0
"FT0371",141.046997873325,215.4677734375,6208622.78378405,0,0,0,0,0,0,0,0,0,0,0
"FT0372",141.06592018411,342.204376220703,14909028.1135469,987523,0,0,0,0,0,0,0,0,0,0
"FT0373",141.113516608902,228.84521484375,1342372.93760103,0,0,0,0,0,0,0,0,0,0,0
"FT0374",142.007321184907,576.295043945312,6027770.36943322,0,0,0,0,22588917,0,0,0,0,0,0
"FT0378",143.081577011426,243.279937744141,6040642.02203979,0,0,0,0,0,0,0,0,0,0,0
"FT0379",143.081595049019,419.365310668945,17735641.8374567,1146642,0,0,0,0,0,0,0,0,0,0
"FT0380",143.081565981754,468.075958251953,551417256.912191,36100777,0,0,0,0,0,0,0,0,0,0
"FT0381",144.065561158165,401.633331298828,1318412.50591489,0,0,0,0,0,0,0,0,0,0,0
"FT0382",144.065516482238,525.438140869141,767422.852725947,0,0,0,0,0,0,0,0,0,0,0
"FT0385",144.084961570621,258.792282104492,1259390.58309229,0,0,0,0,0,0,0,0,0,0,0
"FT0386",144.101971792564,300.064331054688,80686696.6869813,5992013,0,0,0,0,0,0,0,0,0,0
"FT0387",144.101976014885,461.677001953125,37610753.670073,2838741,0,0,0,0,0,0,0,0,0,0
"FT0388",144.101942780265,483.528747558594,8975267.8914294,0,0,0,0,0,0,0,0,0,0,0
"FT0389",144.982189220641,184.014724731445,160733082.417394,6821985,0,0,0,0,0,0,0,0,0,0
"FT0390",144.982200934238,460.654586791992,40662790.1861838,1681181,0,0,0,0,0,0,0,0,0,0
"FT0391",145.049628724847,446.113235473633,1419520.43656532,0,0,0,0,0,0,0,0,0,0,0
"FT0392",145.060846338762,524.661885257813,2097670.60180851,0,0,0,0,0,0,0,0,0,0,0
"FT0393",145.085659120918,476.237106323243,5808653.39896456,0,0,0,0,0,0,0,0,0,0,0
"FT0397",145.105365352627,486.521697998047,496405.985209528,0,0,0,0,0,0,0,0,0,0,0
"FT0399",146.060068673654,139.215270996094,4142507.31557422,0,0,0,0,0,0,0,0,0,0,0
"FT0400",146.081163635106,466.17626953125,7091681.79707984,0,0,0,0,0,0,0,0,0,0,0
"FT0401",146.081194143493,216.536666870117,6946403.31926746,0,0,0,0,0,0,0,0,0,0,0
"FT0402",146.092457072343,590.139953613281,2891191.76971385,0,0,0,0,0,0,0,0,0,0,0
"FT0403",146.093341609678,261.345275878906,1451456.42483929,0,0,0,0,0,0,0,0,0,0,0
"FT0404",146.117593851504,497.132238,155657837.091438,11671037,0,0,0,0,0,0,0,0,0,0
"FT0405",146.117635638422,407.100769042969,74893116.1536453,5580992,0,0,0,0,0,0,0,0,0,0
"FT0406",146.11761279326,256.500213623047,1605144.88950039,0,0,0,0,0,0,0,0,0,0,0
"FT0407",146.980364826072,183.6240234375,72562371.5846465,3072856,0,0,0,0,0,0,0,0,0,0
"FT0408",146.980382684981,459.828369140625,19779949.7690101,0,0,0,0,0,0,0,0,0,0,0
"FT0409",146.980375401594,424.254104614257,35977946.933255,1475536,0,0,0,0,0,0,0,0,0,0
"FT0410",147.044152971759,465.632629394531,456359.094628873,0,0,0,0,0,0,0,0,0,0,0
"FT0411",147.047488370932,415.987060546875,26381281.2156338,1746099,0,1167201,0,0,0,0,0,0,0,0
"FT0412",147.04744369463,494.387176513672,1004315.6418654,0,0,0,0,0,0,0,0,0,0,0
"FT0414",147.09966431481,529.984313964844,2791357.63911497,0,0,0,0,0,0,0,0,0,0,0
"FT0415",147.099650514282,522.810607910156,2992189.94138217,0,0,0,0,0,0,0,0,0,0,0
"FT0416",147.112844926428,964.076293945312,2629363.24752127,0,0,0,0,0,0,0,0,0,0,0
"FT0417",147.114560967628,496.534927368164,2843255.82655519,0,0,0,0,0,0,0,0,0,0,0
"FT0419",147.120911975027,407.323120117188,4201853.39171728,0,0,0,0,0,0,0,0,0,0,0
"FT0420",147.120879424945,407.466125488281,5522278.72584281,0,0,0,0,0,0,0,0,0,0,0
"FT0421",147.931167602539,129.395874023438,1237028.80833806,0,0,0,0,0,0,0,0,0,0,0
"FT0423",148.042785653077,482.563491821289,1537039.05258581,0,0,0,0,0,0,0,0,0,0,0
"FT0424",148.042740411899,577.410095214844,1112005.52492436,0,0,0,0,0,0,0,0,0,0,0
"FT0425",148.048153454473,262.709350585938,6562152.70003859,0,0,0,0,0,0,0,0,0,0,0
"FT0427",148.060478418511,648.264801025391,37130227.6181664,1993809,0,0,0,0,0,0,0,0,0,0
"FT0429",148.096860244166,409.761444091797,57686765.1047133,3737785,0,0,0,0,0,0,0,0,0,0
"FT0430",148.105902856653,532.545440673828,37904767.596329,3844810,0,0,0,0,0,0,7667993,0,0,0
"FT0431",148.10586243402,530.163940429688,56886272.5538537,5978343,0,0,0,0,0,0,13468483,0,0,0
"FT0432",148.121538444766,497.649383544922,1659438.38034808,0,0,0,0,0,0,0,0,0,0,0
"FT0433",148.124558323675,496.804534912109,844253.981273386,0,0,0,0,0,0,0,0,0,0,0
"FT0434",149.026732672638,527.287750244141,2463604.0873774,0,0,0,0,0,0,0,0,0,0,0
"FT0436",149.063147582876,528.183197021484,4300375.2552816,0,0,0,0,0,0,0,0,0,0,0
"FT0441",149.93083002054,119.723361968994,950001.236011939,0,0,0,0,0,0,0,0,0,0,0
"FT0442",150.022000391109,392.21923828125,28929546.7156703,0,0,0,0,0,0,0,0,0,0,0
"FT0443",150.0583796064,359.691284179688,13029951.3911221,0,0,0,0,0,0,0,0,0,0,0
"FT0444",150.077504958239,297.991027832031,2110772.75714861,0,0,0,0,0,0,0,0,0,0,0
"FT0445",150.077382111905,190.863510131835,163315949.148317,0,0,0,0,0,0,0,0,0,0,0
"FT0446",150.085339782986,206.911542,1189414.56870225,0,0,0,0,0,0,0,0,0,0,0
"FT0447",150.112556805637,196.032455444336,12950781.4400368,803098,0,0,0,0,0,0,0,0,0,0
"FT0448",151.042380815546,513.624755859375,1733863.25215157,0,0,0,0,0,0,0,0,0,0,0
"FT0449",151.042363113828,479.942749023438,2963535.41226392,0,0,0,0,0,0,0,0,0,0,0
"FT0450",151.061670868627,376.036529541016,1245441.93638788,0,0,0,0,0,0,0,0,0,0,0
"FT0453",151.096566389158,136.806762695312,16161615.7159671,1030000,0,0,0,0,0,0,6684920,0,0,0
"FT0454",151.144195970867,311.725997924805,189257519.953098,12399241,0,0,0,0,0,0,0,0,0,0
"FT0457",152.056764709387,438.173034667969,8919102.79822421,0,0,0,0,0,0,0,0,0,0,0
"FT0458",152.056737086141,341.283569335938,4148732.13296818,0,0,0,0,0,0,0,0,0,0,0
"FT0459",152.070667448376,131.184310913086,28082274.7779605,0,0,0,0,0,0,0,0,0,0,0
"FT0460",152.070668369926,459.060791015625,42064746.6746138,3721158,0,0,0,0,0,0,0,0,0,0
"FT0461",152.070672373442,323.235168457031,34180379.6722107,0,0,0,0,0,0,0,0,0,0,0
"FT0462",152.073941290742,465.295074462891,1210822.50870311,0,0,0,0,0,0,0,0,0,0,0
"FT0464",152.983140419303,556.852844238281,65712203.6267978,0,0,0,0,0,0,0,0,0,0,0
"FT0465",153.040739125124,401.489669799804,916031.002658929,0,0,0,0,0,0,0,0,0,0,0
"FT0467",153.060071693703,435.565963745117,548825.287748655,0,0,0,0,0,0,0,0,0,0,0
"FT0468",153.073871609771,193.895782470703,25083166.536567,1862985,0,0,0,0,0,0,0,0,0,0
"FT0469",153.074015420808,131.036285400391,2375044.17483106,0,0,0,0,0,0,0,0,0,0,0
"FT0471",154.016848928757,655.026458740234,2673908.968371,0,0,0,0,0,0,0,0,0,0,0
"FT0472",154.053281069964,264.474456787109,12722121.6287088,0,0,0,0,0,0,999209,0,0,0,0
"FT0473",154.057223335747,401.493438720703,2017868.2688956,0,0,0,0,91586830,0,0,0,0,0,0
"FT0474",154.072360874574,453.347076416016,1013931.49783704,0,0,0,0,0,0,0,0,0,0,0
"FT0476",154.080266238987,196.669937133789,1265825.20182798,0,0,0,0,0,0,0,0,0,0,0
"FT0478",155.054131802057,401.883229445313,95303662.0861346,4160888,0,0,0,942775,0,0,0,0,0,0
"FT0479",155.081532277185,437.824310302734,151906399.768336,11292932,0,0,0,842937,0,0,0,0,0,0
"FT0482",156.076872183178,581.568786,10864619.0543869,0,0,0,0,0,0,0,0,0,0,0
"FT0484",156.984078472599,569.924621582031,24263463.8445356,0,0,0,0,0,0,0,0,0,0,0
"FT0485",157.041924512789,444.331466674805,436648.28244163,0,0,0,0,0,0,0,0,0,0,0
"FT0486",157.07391189395,580.82470703125,16665537.1107056,1041250,0,0,0,0,0,0,0,0,0,0
"FT0487",157.080078125,576.703063964844,1221250.14300848,0,0,0,0,0,0,0,0,0,0,0
"FT0488",157.097273084256,347.674255371094,12233265.3302396,937504,0,0,0,0,0,0,0,0,0,0
"FT0489",157.097259600281,311.809417724609,13862170.6129805,990344,0,0,0,0,0,0,0,0,0,0
"FT0490",157.169991121505,488.112701416016,4109928.89252336,0,0,0,0,0,0,0,0,0,0,0
"FT0491",158.044827458905,663.327819824219,11108029.0082601,0,0,0,0,0,0,0,0,0,0,0
"FT0492",158.060064184533,130.678512573242,2251052.53613397,0,0,0,0,0,0,0,0,0,0,0
"FT0493",158.077324919494,581.263488769531,863342.291974237,0,0,0,0,0,0,0,0,0,0,0
"FT0494",158.081275161022,393.014251708984,8400835.83283371,0,0,0,0,0,0,0,19431763,0,0,0
"FT0495",158.081173666409,576.950622558594,1145473.96077459,0,0,0,0,0,0,0,0,0,0,0
"FT0496",158.117628592403,365.231811523438,1004285.67334161,0,0,0,0,0,0,0,0,0,0,0
"FT0497",158.117653738812,446.133331298828,5120240.99608206,0,0,0,0,0,0,0,0,0,0,0
"FT0498",158.117677093746,257.883178710938,3564630.10001898,0,0,0,0,0,0,0,0,0,0,0
"FT0499",158.98105040351,569.654083251953,7214514.03787588,0,0,0,0,0,0,0,0,0,0,0
"FT0500",159.017109647603,575.162466,17348683.0500121,0,0,0,0,0,0,0,0,56574704,0,0
"FT0501",159.027815148744,289.431640625,8196328.61979209,0,0,0,0,0,0,0,0,0,0,0
"FT0502",159.076491818303,524.363464355469,4689200.07581847,0,0,0,0,0,0,0,0,0,0,0
"FT0503",159.076451762585,577.108032226562,14912963.763119,0,0,0,0,0,0,0,0,0,0,0
"FT0504",159.076544354968,642.01171875,3475688.61330401,0,0,0,0,0,0,0,4987313,0,0,0
"FT0505",160.037132123928,259.751586914062,596537.644597266,0,0,0,0,0,0,0,0,0,0,0
"FT0507",160.079796624405,641.628479003906,259186.740571809,0,0,0,0,0,0,0,0,0,0,0
"FT0508",160.096902270606,417.77702331543,243915083.544081,18230601,0,0,0,0,0,0,0,0,0,0
"FT0509",160.096920004461,370.680318,24628435.6515424,1749694,0,0,0,0,0,0,0,0,0,0
"FT0510",160.096911171815,478.981140136719,18735608.0082081,1468727,0,0,0,0,0,0,0,0,0,0
"FT0511",160.096882289111,324.601196289062,3083440.19143115,0,0,0,0,0,0,0,0,0,0,0
"FT0512",160.133314804226,496.185256958007,4215284.36328735,0,0,0,0,0,0,0,0,0,0,0
"FT0513",160.133288737796,430.55224609375,8884711.32531659,0,0,0,0,0,0,0,0,0,0,0
"FT0514",160.133296789677,123.964981079102,539398.911490311,0,0,0,0,0,0,0,0,0,0,0
"FT0516",161.063077543812,898.161773681641,1314742.81592959,0,0,0,0,0,0,0,0,0,0,0
"FT0517",161.063143808035,468.990432739257,4395922.1765398,0,0,0,0,0,0,0,0,0,0,0
"FT0518",161.063084038221,553.691223144531,1746158.29335282,0,0,0,0,0,0,0,0,0,0,0
"FT0519",161.092124641027,506.774963378906,1122954.10560267,0,0,0,0,0,0,0,0,0,0,0
"FT0520",161.09389010901,421.08740234375,5210149.18364471,0,0,0,0,0,0,0,0,0,0,0
"FT0524",161.97042361376,794.549438476562,8184051.91249796,0,0,0,0,0,0,0,0,0,0,0
"FT0525",161.998821102269,1209.56213378906,7718345.81234457,0,0,0,0,0,0,0,0,0,0,0
"FT0526",162.076192820485,659.79096165039,549917.458698252,0,0,0,0,0,0,0,0,0,0,0
"FT0527",162.076164453369,569.395935058594,1803385.39804687,0,0,0,0,0,0,0,0,0,0,0
"FT0528",162.076116854994,566.625915527344,5914022.60332072,0,0,0,0,0,0,0,0,0,0,0
"FT0530",162.112520955115,492.590240478516,135659371.00258,10028121,0,0,0,0,0,0,0,0,0,0
"FT0531",162.112531827434,402.470611572266,140289929.423709,10509518,0,0,0,0,0,0,0,0,0,0
"FT0532",162.112547019652,316.946685791016,12940419.5550807,0,0,0,0,0,0,0,0,0,0,0
"FT0533",163.032837912151,1192.50323486328,10149234.4683482,0,0,0,0,0,0,0,0,0,0,0
"FT0534",163.050216674805,670.615966796875,6920648.26033411,0,0,0,0,0,0,0,0,0,0,0
"FT0535",163.107805421339,869.506195068359,7224429.39226079,0,0,0,0,0,0,0,0,2126409,0,0
"FT0538",164.066876357073,763.286193847656,319406123.087717,0,0,0,0,1667331,3003754,0,0,0,0,0
"FT0539",164.093118963306,159.509590148925,1017537.34675913,0,0,0,0,0,0,0,0,0,0,0
"FT0540",164.100936994877,211.509490966797,1946780.87431143,0,0,0,0,0,0,0,6067110,0,0,0
"FT0541",164.100898000619,438.885070800781,424640.719040952,0,0,0,0,0,0,0,0,0,0,0
"FT0542",164.126128356899,515.909729003906,827998.16959203,0,0,0,0,0,0,0,0,0,0,0
"FT0543",165.008385590801,181.589019775391,986115.155098707,0,0,0,0,0,0,0,0,0,0,0
"FT0544",165.054720655725,470.428787231446,1664805.13419715,0,0,0,0,0,0,0,0,0,0,0
"FT0545",165.058116799031,520.592041015625,939472.635425206,0,0,0,0,0,0,0,0,0,0,0
"FT0546",165.058159341861,415.091491699219,45951344.9550031,0,0,1985431,0,0,0,0,0,26279345,0,0
"FT0549",165.194837327907,129.872138977051,453476.721114792,0,0,0,0,0,0,0,0,0,0,0
"FT0551",166.046250930816,148.039825439453,4472503.72927338,0,0,0,0,0,0,0,0,0,0,0
"FT0552",166.053232679775,534.268615722656,6197564.55885044,0,0,0,0,0,0,0,0,0,0,0
"FT0553",166.086348736024,473.458953857422,10885578.5751973,952157,0,0,0,0,0,0,0,0,0,0
"FT0554",166.086348426718,261.975923066406,21187648.4726884,0,0,0,0,0,0,0,0,0,0,0
"FT0555",166.086362173707,417.766448974609,7850797.62642444,0,0,0,0,0,0,0,0,0,0,0
"FT0556",166.122647939212,197.982391357422,99023902.7904015,0,0,0,0,0,0,0,0,0,0,0
"FT0557",166.956943858801,554.386413574219,8614523.92258865,0,0,0,0,0,0,0,0,0,0,0
"FT0558",167.03729336472,348.101974487305,32902360.5860573,0,0,0,0,0,0,0,0,0,0,0
"FT0561",167.089534499181,262.206115722656,1912387.71763947,0,0,0,0,0,0,0,0,0,0,0
"FT0563",168.029144287109,682.417114257812,40674613.8234052,0,0,0,0,0,0,0,0,0,0,0
"FT0564",168.050587776813,404.446105957031,9563061.34517884,0,0,0,0,0,0,0,0,0,0,0
"FT0565",168.069069612435,413.270141601562,3782289.49771306,0,0,0,0,0,0,0,0,0,0,0
"FT0566",168.088054957964,253.688507080078,1215296.82877616,0,0,0,0,0,0,0,0,0,0,0
"FT0567",168.096191146631,159.463073730469,2209506.73894095,0,0,0,0,0,0,0,0,0,0,0
"FT0570",169.060798797028,425.15998840332,535408.923223188,0,0,0,0,0,0,0,0,0,0,0
"FT0571",170.011759336541,698.548736572266,1854768.05127323,0,0,0,0,0,0,0,0,0,0,0
"FT0572",170.048183865586,385.20783996582,2772343.58218208,0,0,0,0,0,0,0,0,0,0,0
"FT0573",170.068419923172,933.845581054688,11864804.2621557,0,0,0,0,0,0,0,0,0,0,0
"FT0574",170.078085838273,198.872665405273,297339.255250174,0,0,0,0,0,0,0,0,0,0,0
"FT0575",170.117646684235,396.894836425781,14018869.6841235,1528564,0,0,0,0,0,0,0,0,0,0
"FT0576",170.117571154118,174.016860961914,13404874.8339628,0,0,0,0,0,0,0,0,0,0,0
"FT0577",170.570113055403,930.918212890625,1527895.97248611,0,0,0,0,0,0,0,0,0,0,0
"FT0578",171.065247857836,136.693267822266,4066263.12253934,0,0,0,0,0,0,0,0,0,0,0
"FT0579",171.07647223652,595.458892822266,1329014.90813392,0,0,0,0,0,0,0,0,0,0,0
"FT0580",171.084409203087,193.51823425293,36904536.8583094,2584380,0,0,0,0,0,0,0,26032741,0,0
"FT0581",172.060420613742,636.506652832031,1189539.7890754,0,0,0,0,0,0,0,0,0,0,0
"FT0582",172.071813367195,440.660003662109,750863.560821742,0,0,0,0,0,0,0,0,0,0,0
"FT0584",172.090779119852,197.793701171875,931378.833052434,0,0,0,0,0,0,0,0,861405,0,0
"FT0585",172.096807551851,616.725280761719,976010.315975639,0,0,0,0,0,0,0,0,0,0,0
"FT0586",172.133259362511,115.934005737305,6901471.95999038,0,0,0,0,0,0,0,0,0,0,0
"FT0587",173.02104515058,691.552673339844,722200.761374219,0,0,0,0,0,0,0,0,0,0,0
"FT0588",173.030764778271,697.388854980469,873593.831803475,0,0,0,0,0,0,0,0,0,0,0
"FT0589",173.080910476369,224.309234619141,2298517.25512754,0,0,0,0,0,0,0,0,0,0,0
"FT0590",173.092194610542,413.382354736328,12059827.4079503,885356,0,0,0,0,0,0,0,0,0,0
"FT0591",173.100115608064,188.330421447754,525857.494312757,0,0,0,0,0,0,0,0,0,0,0
"FT0592",174.022043816961,271.174072265625,8464567.47209577,0,0,0,0,0,0,0,0,0,0,0
"FT0593",174.038745350526,401.696380615234,44290105.7011093,2346356,0,0,0,0,0,0,0,0,0,0
"FT0594",174.087383227168,536.6767578125,2891920.51916018,0,0,0,0,0,0,0,0,0,0,0
"FT0596",174.136567633512,264.335561480469,2076995.23122267,0,0,0,0,0,0,0,0,0,0,0
"FT0597",175.025364851986,269.852416992188,576038.078086772,0,0,0,0,0,0,0,0,0,0,0
"FT0598",175.039294497467,166.768310546875,1456881.87925265,0,0,0,0,0,0,0,0,0,0,0
"FT0600",175.071470703208,637.911743164062,1142800.06950186,0,0,0,0,0,0,0,0,0,0,0
"FT0601",175.082667143029,663.171752929688,366309.148355232,0,0,0,0,0,0,0,0,0,0,0
"FT0603",175.107786884884,548.482086181641,1212492.33596548,0,0,0,0,0,0,0,0,0,0,0
"FT0604",175.119078886491,1002.58193969726,43077957.0304151,2753642,0,0,0,0,0,0,0,0,0,0
"FT0605",176.017811807534,269.969100952148,426939.407621945,0,0,0,0,0,0,0,0,0,0,0
"FT0606",176.035284348597,264.262084960938,916024.848564637,0,0,0,0,0,0,0,0,0,0,0
"FT0607",176.055372362489,666.142303466797,15855960.2179171,0,0,0,0,0,0,0,0,0,0,0
"FT0608",176.091815562147,575.385070800781,18991384.8515315,1353506,0,0,0,0,0,0,0,0,0,0
"FT0609",176.091818463684,400.432388305664,2474349.12842142,0,0,0,0,0,0,0,0,0,0,0
"FT0610",176.091800854045,247.434631347656,824231.454959599,0,0,0,0,0,0,0,0,0,0,0
"FT0614",176.128235982595,380.042373657227,5127702.03313041,0,0,0,0,0,0,0,0,0,0,0
"FT0615",176.128233767185,448.722869873047,3884016.68620916,0,0,0,0,0,0,0,0,0,0,0
"FT0616",176.128185475978,539.47021484375,20187447.3454237,1639691,0,0,0,0,0,0,0,0,0,0
"FT0617",176.13946277885,344.740890502929,4792320.01013674,0,0,0,0,0,0,0,0,0,0,0
"FT0618",177.036152422035,401.586669921875,15818431.7035547,0,0,0,0,0,0,0,0,0,0,0
"FT0619",177.043539200762,538.862579345703,28963005.4762787,0,0,0,0,0,0,0,0,0,0,0
"FT0620",177.050952206356,690.503570556641,911469.600154738,0,0,0,0,0,0,0,0,0,0,0
"FT0621",177.058218909815,464.359680175781,1859067.25137349,0,0,0,0,0,0,0,0,0,0,0
"FT0624",177.106412930382,641.387023925781,365512.990510605,0,0,0,0,0,0,0,0,0,0,0
"FT0626",178.107465940709,437.970565795898,4030196.5488153,0,0,0,0,0,0,0,0,0,0,0
"FT0627",178.107519867129,462.587921142578,2297525.78914193,0,0,0,0,0,0,0,0,0,0,0
"FT0628",179.004844667723,331.417114257812,158474783.228216,0,0,0,0,0,0,0,0,0,0,0
"FT0629",179.024147595604,312.1318359375,848580.924026679,0,0,0,0,0,0,0,0,0,0,0
"FT0630",179.027855575067,625.385009765625,336635.848997486,0,0,0,0,0,0,0,0,0,0,0
"FT0631",179.040642152103,552.437255859375,48294556.2143346,0,0,0,0,0,0,0,0,0,0,0
"FT0632",179.073715496055,495.267883300781,38288960.4788166,2841603,0,1687545,0,0,0,0,0,0,0,0
"FT0633",179.073648840123,566.838928222656,102670514.632085,7675329,0,4606034,0,0,0,0,0,0,0,0
"FT0634",179.073773473733,934.16162109375,1802441.96386282,0,0,0,0,0,0,0,0,0,0,0
"FT0635",180.008227960491,331.411743164062,19903284.2641105,0,0,0,0,0,0,0,0,0,0,0
"FT0636",180.061817658138,625.425079345703,3145599.25758133,0,0,0,0,0,0,0,0,0,0,0
"FT0637",180.073038665895,566.200378417969,708711.525351869,0,0,0,0,0,0,0,0,0,0,0
"FT0640",180.086634541392,533.118957519531,20991388.0302853,1282401,0,0,0,0,0,0,0,0,0,0
"FT0641",180.101974719421,413.265594482422,23812058.1346219,2501719,0,0,0,0,0,0,0,0,0,0
"FT0642",180.174718853068,113.490634918212,243189.12096169,0,0,0,0,0,0,0,0,0,0,0
"FT0643",181.011492651315,331.335754394531,840783176.780924,26185242,0,0,0,0,2766091,0,0,0,0,0
"FT0644",181.026073896515,139.28596496582,1254966.17934794,0,0,0,0,0,0,0,0,0,0,0
"FT0645",181.03092888361,466.150421142578,49784984.7051426,0,0,0,0,0,0,0,0,0,0,0
"FT0646",181.030897925354,764.574951171875,57661672.9942128,0,0,0,0,0,0,0,0,0,0,0
"FT0647",181.03092142487,1168.3706665039,43849682.2059857,0,0,0,0,0,0,0,0,0,0,0
"FT0650",181.102002436719,247.703132629395,8140635.30040118,0,0,0,0,0,0,0,0,0,0,0
"FT0653",181.127414069803,448.233169555664,5367250.45426683,0,0,0,0,0,0,0,0,0,0,0
"FT0655",182.032948759435,576.463195800781,143264367.824111,0,0,0,0,0,0,0,0,0,0,0
"FT0656",182.059563312179,623.388793945312,514191.586820115,0,0,0,0,0,0,0,0,0,0,0
"FT0657",182.059578561328,495.298370361328,928029.577133437,0,0,0,0,0,0,0,0,0,0,0
"FT0658",182.067310825353,329.197998046875,5247833.63317497,0,0,0,0,0,0,0,0,0,0,0
"FT0659",182.081285545802,492.261413574219,7727575.0294953,0,0,0,0,0,0,0,0,0,0,0
"FT0660",182.094108077288,468.651580810547,1119028.81334425,0,0,0,0,0,0,0,0,0,0,0
"FT0661",182.103733346823,290.252059936523,1346323.34576914,0,0,0,0,0,0,0,0,0,0,0
"FT0662",182.117712702431,140.271469116211,16062899.7231565,1586746,0,0,0,0,0,0,0,0,0,0
"FT0663",183.076486857193,339.310974121094,1344843.2517179,0,0,0,0,0,0,0,0,0,0,0
"FT0664",183.084546544769,472.368713378906,648550.296888674,0,0,0,0,0,0,0,0,0,0,0
"FT0666",184.063986111721,324.234191894531,6925965.77088029,0,0,0,0,0,0,0,0,0,0,0
"FT0667",184.073407295872,671.090454101562,4785830.33540921,0,0,0,0,0,0,0,0,0,0,0
"FT0668",184.1697490397,115.837677001953,7313058.93571482,0,0,0,0,0,0,0,0,0,0,0
"FT0669",184.91998101958,1245.23309326172,56487278.0847033,0,0,0,0,0,0,0,0,0,0,0
"FT0671",185.09220544733,393.881912231445,10174897.4588592,816208,0,0,0,0,0,0,0,0,0,0
"FT0673",186.061155522378,365.986053466797,1509191.72126017,0,0,0,0,0,0,0,0,0,0,0
"FT0674",186.105999060803,567.398559570312,7652485.27166265,0,0,0,0,0,0,0,0,0,0,0
"FT0675",186.112589147337,386.584197998047,6063399.47234541,0,0,0,0,0,0,0,0,0,0,0
"FT0676",186.944010010386,1237.93005371094,201185338.470734,0,0,0,0,0,0,0,0,0,0,0
"FT0677",186.944086227537,1199.10223388672,191294372.326084,0,0,0,0,0,0,0,0,0,0,0
"FT0678",186.953918269336,449.818786621094,11335052.7835717,0,0,0,0,0,0,0,0,0,0,0
"FT0679",187.10778084534,457.958709716797,1463541.02201914,0,0,0,0,0,0,0,0,0,0,0
"FT0680",187.107799806518,558.755011597656,267185.872296208,0,0,0,0,0,0,0,0,0,0,0
"FT0681",188.037564437209,151.283744812012,11335877.4461769,833906,0,0,0,0,0,0,0,0,0,0
"FT0682",188.037678017422,231.519912719727,858850.260228258,0,0,0,0,0,0,0,0,0,0,0
"FT0683",188.037674075651,385.764358520507,717846.765710888,0,0,0,0,0,0,0,0,0,0,0
"FT0684",188.070755805427,370.680318,1957529.15150112,0,0,0,0,0,0,0,1619720,0,0,0
"FT0685",188.091833532314,287.679809570312,1705914.06588744,0,0,0,0,0,0,0,0,0,0,0
"FT0686",188.128165857514,172.098815917969,10505206.4276631,0,0,0,0,0,0,0,0,0,0,0
"FT0687",188.957738769276,134.213638305664,5954530.35564347,0,0,0,0,0,0,0,0,0,0,0
"FT0688",189.018011249802,584.306396484375,553111.13000685,0,0,0,0,0,0,0,0,0,0,0
"FT0689",189.075778714794,522.290191650391,1450596.30257446,0,0,0,0,0,0,0,0,0,0,0
"FT0690",189.098325503159,440.008514404296,927680.272927376,0,0,0,0,0,0,0,0,0,0,0
"FT0691",189.123439939786,416.889663696289,2775067.31925122,0,0,0,0,0,0,0,0,0,0,0
"FT0692",189.123332673146,444.472351074219,23908258.3926826,0,0,0,0,0,0,0,0,0,0,0
"FT0693",189.123410992796,616.651794433594,733685.776624652,0,0,0,0,0,0,0,0,0,0,0
"FT0694",189.159792339129,845.308715820312,38955118.2661322,0,0,0,0,0,0,0,0,0,0,0
"FT0695",190.01268319765,401.332153320312,3239576.60372453,0,0,0,0,0,0,0,0,0,0,0
"FT0696",190.071034488345,637.945343017578,5557425.08015924,0,0,0,0,0,0,0,0,0,0,0
"FT0697",190.086288479281,125.624965667724,349486.483483786,0,0,0,0,0,0,0,0,0,0,0
"FT0698",190.107485864702,579.060974121094,5372679.62601422,0,0,0,0,0,0,0,0,0,0,0
"FT0699",190.107422175617,541.477355957031,3728986.03995382,0,0,0,0,0,0,0,0,0,0,0
"FT0701",190.14390369366,469.012023925781,1137684.83501499,0,0,0,0,0,0,0,0,0,0,0
"FT0702",190.143770031013,415.073669433594,672237.405551435,0,0,0,0,0,0,0,0,0,0,0
"FT0703",190.163040530064,841.544097900391,6930677.68494188,0,0,0,0,0,0,0,0,0,0,0
"FT0704",190.957341977722,137.1382522583,6052771.09641285,0,0,0,0,0,0,0,0,0,0,0
"FT0705",191.073831452306,425.080688476562,2441247.00224191,0,0,0,0,0,0,0,0,0,0,0
"FT0706",191.073817174477,497.066696166993,1981063.31973289,0,0,0,0,0,0,0,0,0,0,0
"FT0707",191.073732067033,547.573181152344,1673054.81796601,0,0,0,0,0,0,0,0,0,0,0
"FT0709",191.117858264791,123.405197143555,301699.473584151,0,0,0,0,0,0,0,0,0,0,0
"FT0710",192.068959963701,590.608215332031,726395.803399089,0,0,0,0,0,0,0,0,0,0,0
"FT0711",192.123134705061,273.933807373047,3237999.78100535,0,0,0,0,0,0,0,0,0,0,0
"FT0712",192.123065410414,545.72216796875,4570090.47234839,0,0,0,0,0,0,0,0,0,0,0
"FT0713",192.159569824853,118.54857635498,517244.080393218,0,0,0,0,0,0,0,0,0,0,0
"FT0714",192.888208248097,182.630195617676,2008676.96271254,0,0,0,0,0,0,0,0,0,0,0
"FT0715",193.010170958701,401.713470458984,1117496.11901849,0,0,0,0,0,0,0,0,0,0,0
"FT0716",193.053080483798,580.5693359375,44354654.5424363,3235695,0,1894514,0,0,0,0,0,0,0,0
"FT0717",193.089381404279,457.483322143554,95351087.7637389,7860924,0,4092011,0,0,0,0,0,0,0,0
"FT0718",193.089550201605,494.718551635743,23824325.5938566,2015421,0,0,0,0,0,0,0,0,0,0
"FT0719",193.154840144555,338.429122365234,11744826.9069926,0,0,0,0,0,0,0,0,0,0,0
"FT0720",194.009775630876,555.634235767578,98816992.0390103,0,0,0,0,0,0,0,0,0,0,0
"FT0721",194.009722890147,569.395935058594,51762166.5877556,0,0,0,0,0,0,0,0,0,0,0
"FT0723",194.067396835326,204.062820434571,1135373.46863176,0,0,0,0,0,0,0,0,0,0,0
"FT0724",194.077497588745,577.937574,751586.996720897,0,0,0,0,0,0,0,0,0,0,0
"FT0726",194.092733857204,458.230484008789,2192874.02423347,0,0,0,0,0,0,0,0,0,0,0
"FT0727",194.154083956592,115.134170532227,571229.634307105,0,0,0,0,0,0,0,0,0,0,0
"FT0728",194.886354461745,188.181045532227,2233409.54150187,0,0,0,0,0,0,0,0,0,0,0
"FT0729",195.025193190496,843.233703613281,2681687.37226728,0,0,0,0,0,0,0,0,0,0,0
"FT0731",195.06870317626,548.073089599609,2857621.83388512,0,0,0,0,0,0,0,0,0,0,0
"FT0732",195.068749193453,580.944580078125,818237.083675867,0,0,0,0,0,0,0,0,0,0,0
"FT0733",195.0764575259,522.574157714844,1869698.31831976,0,0,0,0,0,0,0,0,0,0,0
"FT0735",195.12287902832,124.662574768066,9147810.33095565,764844,0,0,0,0,0,0,1483882,0,0,0
"FT0736",196.004023691161,269.932569713867,501676.035966415,0,0,0,0,0,0,0,0,0,0,0
"FT0738",196.020743231665,401.010223388672,859756.753034076,0,0,0,0,0,0,0,0,0,0,0
"FT0739",196.083025787516,243.990104675293,4979632.84981914,0,0,0,0,0,0,0,0,0,0,0
"FT0740",196.108319375449,287.744140625,2410469.57976232,0,0,0,0,0,0,0,0,0,0,0
"FT0742",196.16975710528,108.851627349854,3447684.31260565,0,0,0,0,0,0,0,0,0,0,0
"FT0743",197.04086957787,664.710601806641,457546.790315182,0,0,0,0,0,0,0,0,0,0,0
"FT0744",197.096407715459,577.636901855469,654443.33554592,0,0,0,0,0,0,0,0,0,0,0
"FT0745",197.122461145779,312.99951171875,1231683.58956901,0,0,0,0,0,0,0,0,0,0,0
"FT0746",197.122479495048,309.095947265625,615724.80227001,0,0,0,0,0,0,0,0,0,0,0
"FT0747",198.010581812792,568.661682128906,28709728.4003257,1807453,0,0,0,0,0,0,0,0,0,0
"FT0748",198.039838709489,673.895812988281,7532503.56689668,0,0,0,0,0,0,0,0,0,0,0
"FT0749",198.089085436354,459.666320800781,1242814.23900208,0,0,0,0,0,0,0,0,0,0,0
"FT0750",198.09863800026,289.693069458007,3873959.48425541,0,0,0,0,0,0,0,0,0,0,0
"FT0751",198.124074105443,426.979934692383,2582668.00710197,0,0,0,0,0,0,0,0,0,0,0
"FT0752",198.18538606576,112.788284301758,5312358.66351934,0,0,0,0,0,0,0,0,0,0,0
"FT0753",198.996990906886,485.343566894531,7910863.28291406,0,0,0,0,0,0,0,0,0,0,0
"FT0754",198.997061581154,577.296203613281,5823522.95043704,0,0,0,0,0,0,0,0,0,0,0
"FT0756",200.99430847168,578.539916992188,3128290.89678133,0,0,0,0,0,0,0,0,0,0,0
"FT0757",201.025109609422,384.763824462891,1997423.08967252,0,0,0,0,0,0,0,0,0,0,0
"FT0758",201.123409674899,555.616546630859,615166.452196924,0,0,0,0,0,0,0,0,0,0,0
"FT0759",202.966588005505,450.626739501953,3407433.96452016,0,0,0,0,0,0,0,0,10215586,0,0
"FT0760",202.997110708401,790.665283203125,256855041.759678,0,0,0,0,0,0,0,0,0,0,0
"FT0761",203.115228041074,608.024688720703,2390631.00676042,0,0,0,0,0,0,0,0,0,0,0
"FT0762",203.175489046511,445.877731323242,2981303.40981739,0,0,0,0,0,0,0,0,0,0,0
"FT0763",203.997632047349,790.552490234375,25705137.6457889,0,0,0,0,34330364,0,0,0,0,0,0
"FT0764",204.078747798526,289.181870192383,1145941.73345073,0,0,0,0,0,0,0,0,0,0,0
"FT0765",204.086742673014,125.83215713501,10441808.9962705,0,0,0,0,0,0,0,0,0,0,0
"FT0766",204.086783282026,390.103454589844,4354409.69699624,0,0,0,0,0,0,0,0,0,0,0
"FT0767",204.123200002878,336.808227539062,183430042.506785,17726114,0,0,0,0,0,0,0,0,0,0
"FT0768",204.96457881799,451.483978271484,3884854.61849652,0,0,0,0,0,0,0,0,11708951,0,0
"FT0770",205.045903561012,692.894622802734,1712898.44181653,0,0,0,0,0,0,0,0,0,0,0
"FT0771",205.070771749626,567.776000976562,15569847.248349,1210625,0,0,0,0,0,2506279,26234339,0,0,0
"FT0772",205.07078070512,725.370056152344,3138317.55872884,0,0,0,0,0,0,0,0,0,0,1722942
"FT0773",205.089669796115,372.087615966797,1774955.66983298,0,0,0,0,0,0,0,0,0,0,0
"FT0774",205.097360070532,371.58945,1736366.10934235,0,0,0,0,0,0,0,0,0,0,0
"FT0777",206.081366382426,127.426834106445,738295.095497645,0,0,0,0,0,0,0,0,0,0,0
"FT0778",206.102487074407,586.062316894531,5058985.42143585,0,0,0,0,0,0,0,0,0,0,0
"FT0779",206.102401990368,530.483795166016,1223624.09887553,0,0,0,0,0,0,0,0,0,0,0
"FT0780",206.1024,160.213958740234,23091270.6707992,0,0,0,0,0,0,0,0,0,0,0
"FT0781",206.1389,304.5589,7994967.05619148,0,0,0,0,0,0,0,0,0,0,0
"FT0782",206.1388,140.6338,65253198.0832973,0,0,0,0,0,0,0,0,0,0,0
"FT0783",206.1389,413.2798,2232228.21790806,0,0,0,0,0,0,0,0,0,0,0
"FT0784",207.0686,447.8304,2609642.05357301,0,0,0,0,0,0,0,0,0,0,0
"FT0787",207.1704,308.5421,2190527.13929179,0,0,0,0,0,0,0,0,0,0,0
"FT0788",208.093,411.3611,1037643.0556186,0,0,0,0,0,0,0,0,0,0,0
"FT0789",208.1161,400.256,619324.276083729,0,0,0,0,0,0,0,0,0,0,0
"FT0790",209.0479,591.4483,32462205.5402763,2321567,0,1402503,0,0,0,0,0,0,0,0
"FT0791",209.0772,386.6379,29772662.4292229,0,0,0,0,0,0,0,0,460491,0,0
"FT0792",209.0845,397.2637,8561013.89082303,761443,0,0,0,0,0,0,0,0,0,0
"FT0794",210.0723,596.79205,1562189.25636873,0,0,0,0,0,0,0,0,0,0,0
"FT0795",210.0762,576.7031,1111337.38360806,0,0,0,0,0,0,0,0,0,0,0
"FT0797",211.0565,648.74635,1871522.35709582,0,0,0,0,0,0,0,0,0,0,0
"FT0798",212.0952,524.9356,96125144.6188526,7006233,0,0,0,0,0,0,0,0,0,0
"FT0799",212.1493,124.2562,1506609.38877918,0,0,0,0,0,0,0,0,0,0,0
"FT0800",212.1646,119.6115,1641370.54936253,0,0,0,0,0,0,0,0,0,0,0
"FT0801",213.0543,377.1379,1564364.50593944,0,0,0,0,0,0,0,0,0,0,0
"FT0802",214.0646,199.4477,4696894.75530383,0,0,0,0,0,0,0,0,0,0,0
"FT0803",214.0898,106.5512,25968808.9179874,0,0,0,0,0,0,0,0,0,0,0
"FT0804",215.0335,243.06965,3301049.29355752,0,0,0,0,0,0,0,0,0,0,0
"FT0805",215.0653,401.3322,1104015.55221748,0,0,0,0,0,0,0,0,0,0,0
"FT0806",215.1063,263.5986,685590.397576959,0,0,0,0,0,0,0,0,0,0,0
"FT0807",216.1071,401.49525,1364293.05137505,0,0,0,0,0,0,0,0,0,0,0
"FT0808",216.1232,607.63285,2226427.38633431,0,0,0,0,0,0,0,0,0,0,0
"FT0809",217.0129,652.8763,798723.641171709,0,0,0,0,0,0,0,0,0,0,0
"FT0810",217.0777,129.9007,3123028.05697886,472908,0,0,0,0,0,0,0,0,0,0
"FT0811",218.1387,259.4474,88260394.1365241,0,0,0,0,0,0,0,0,0,0,0
"FT0812",218.9747,794.6438,35523107.4841502,0,0,0,0,0,0,0,0,0,0,0
"FT0813",219.0864,138.35105,1002396.38318061,0,0,0,0,0,0,0,0,0,0,0
"FT0814",219.123,103.5796,619367.689824176,0,0,0,0,0,0,0,0,0,0,0
"FT0816",219.1703,307.3036,1413446.54905816,0,0,0,0,0,0,0,0,0,0,0
"FT0817",219.9894,1188.675,5031823.87759031,0,0,0,0,0,0,0,0,0,0,0
"FT0818",220.0238,790.9658,2424004.44858324,0,0,0,0,0,0,0,0,0,0,0
"FT0819",220.0638,588.9318,17452207.605101,0,0,0,0,0,0,0,0,0,0,0
"FT0820",220.0931,447.77785,455790.645915071,0,0,0,0,0,0,0,0,0,0,0
"FT0821",220.118,543.8544,1121013.79324533,0,0,0,0,0,0,0,0,0,0,0
"FT0822",221.0077,788.3114,72754123.3734016,0,0,0,0,0,0,0,0,260473878,0,0
"FT0823",221.0843,399.0708,845849.403032886,0,0,0,0,0,0,0,0,0,0,0
"FT0824",221.0885,624.6001,549749.702328498,0,0,0,0,0,0,0,0,0,0,0
"FT0825",221.1846,125.3388,4036366.7533565,366263,0,0,0,0,0,0,0,0,0,0
"FT0826",222.0081,791.7468,7027764.29838085,0,0,0,0,0,0,0,0,0,0,0
"FT0827",222.0972,579.33145,15732103.0781809,0,0,0,0,0,0,0,0,0,0,0
"FT0828",222.1086,425.03085,1049788.47906227,0,0,0,0,0,0,0,0,0,0,0
"FT0829",223.0051,788.4366,10367659.7012865,0,0,0,0,0,0,0,0,36700444,0,0
"FT0830",223.0564,690.6458,4152943.95851211,0,0,0,0,0,0,0,0,0,0,0
"FT0831",223.0635,494.3955,1314533.31302768,0,0,0,0,0,0,0,0,0,0,0
"FT0832",223.0635,534.6309,1955320.51481695,0,0,0,0,0,0,0,0,0,0,0
"FT0833",223.0636,442.44155,1344434.92020344,0,0,0,0,0,0,0,0,0,0,0
"FT0834",223.0747,717.05285,2642923.20544408,0,0,0,0,0,0,0,0,0,0,0
"FT0835",223.0938,336.8101,42799844.738301,3651609,0,0,0,1044021,0,0,0,0,0,890785865
"FT0836",223.1246,129.4727,12478398.0118902,2235531,0,0,0,0,0,0,0,0,0,0
"FT0837",224.0572,693.3395,1461879.89755115,0,0,0,0,1897630,0,0,0,0,0,0
"FT0839",225.0207,466.23415,12934912.6193144,0,0,0,0,0,0,0,0,0,0,0
"FT0840",225.054,690.3818,1401804.01884558,0,0,0,0,0,0,0,0,0,0,0
"FT0841",225.0793,381.47805,2986692.90754962,0,0,0,0,0,0,0,0,0,0,0
"FT0842",225.0792,454.3994,1723181.72799893,0,0,0,0,0,0,0,0,0,0,0
"FT0843",225.9825,450.3114,34046404.9538844,0,0,0,0,0,0,0,0,0,0,0
"FT0844",226.0474,688.866,343544.826684264,0,0,0,0,0,0,0,0,0,0,0
"FT0846",227.0526,568.03665,2960001.07948923,0,0,0,0,0,0,0,0,0,0,0
"FT0847",227.0817,689.0043,1469669.99428953,0,0,0,0,0,0,0,0,0,0,0
"FT0848",227.1139,648.4003,23398492.0130524,2133384,0,0,0,0,0,0,0,0,0,0
"FT0851",228.0917,324.4066,1366539.94629321,0,0,0,0,0,0,0,0,0,0,0
"FT0852",228.098,289.87225,3145720.65551946,0,0,0,0,0,0,0,0,0,0,0
"FT0853",228.1173,644.5397,2331443.5556353,0,0,0,0,0,0,0,0,0,0,0
"FT0854",228.1205,157.2097,16889850.5246167,0,0,0,0,0,0,0,0,0,0,0
"FT0855",228.1344,425.9656,2705091.47561174,0,0,0,0,0,0,0,0,0,0,0
"FT0856",228.1959,107.7087,5851632.02890931,0,0,0,0,0,0,0,0,0,0,0
"FT0857",229.04925,521.0784,1924169.55619448,0,0,0,0,0,0,0,0,0,0,0
"FT0859",230.0445,583.59965,1648939.99095859,0,0,0,0,0,0,0,0,0,0,0
"FT0860",230.0958,567.9957,25685768.3314105,0,0,0,0,0,0,0,0,0,0,0
"FT0861",230.1025,638.19055,486319.941110153,0,0,0,0,0,0,0,0,0,0,0
"FT0862",230.1752,118.9383,1349020.21826215,0,0,0,0,0,0,0,0,1930677,0,0
"FT0863",230.9951,787.6592,42027245.4455501,0,0,3775350,0,0,0,0,212459031,0,0,0
"FT0864",231.0285,377.33855,1106386.78211391,0,0,0,0,0,0,0,0,0,0,0
"FT0865",231.0285,266.8698,2087891.05388544,0,0,0,0,0,0,0,0,0,0,0
"FT0867",231.1339,556.7515,183338.725494332,0,0,0,0,0,0,0,0,0,0,0
"FT0868",231.1703,125.5935,504925.137029626,0,0,0,0,0,0,0,0,0,0,0
"FT0870",232.1181,291.4343,2517931.32038313,0,0,0,0,0,0,0,0,0,0,0
"FT0871",232.1542,214.3295,467957412.091565,0,0,0,0,0,0,0,0,0,0,0
"FT0873",233.0895,324.40435,2632847.59752197,0,0,0,0,0,0,0,0,0,0,62130203
"FT0874",233.1022,136.1167,761667.452451288,0,0,0,0,0,0,0,0,0,0,0
"FT0876",233.1576,220.7548,136858009.428746,0,0,0,0,0,0,0,0,0,0,0
"FT0877",233.9149,183.0948,44677409.742549,0,0,0,0,0,0,0,0,0,0,0
"FT0878",234.0972,577.9975,1214006.51128156,0,0,0,0,0,0,0,0,0,0,0
"FT0879",234.0973,405.5866,1125339.06087942,0,0,0,0,0,0,0,0,0,0,0
"FT0880",234.0974,160.6158,822962.450502878,0,0,0,0,0,0,0,0,0,0,0
"FT0881",234.1337,124.9367,7964083.72078032,0,0,0,0,0,0,0,0,0,0,0
"FT0882",234.918,183.0983,8584628.97487303,0,0,0,0,0,0,0,0,0,0,0
"FT0883",235.1652,345.36985,2589555.39281824,0,0,0,0,0,0,0,0,0,0,0
"FT0884",235.9131,183.0983,42198398.0524062,0,0,0,0,0,0,0,0,0,0,0
"FT0885",236.08795,571.43105,2036242.02261615,0,0,0,0,0,0,0,0,0,0,0
"FT0886",236.0918,140.2907,509893.154115589,0,0,0,0,0,0,0,0,0,0,0
"FT0887",236.1242,357.608,2138088.86463427,0,0,0,0,0,0,0,0,0,0,0
"FT0888",236.1493,517.9705,41264058.7418345,4189347,0,0,0,0,0,0,0,0,0,0
"FT0889",236.1493,408.8603,32592674.8500784,3090159,0,0,0,0,0,0,0,0,0,0
"FT0890",236.9163,185.1616,2021119.48185971,0,0,0,0,0,0,0,0,0,0,0
"FT0891",236.9852,790.1921,6785151.28974117,0,0,0,0,0,0,0,0,0,0,0
"FT0894",237.9112,184.0739,8783729.24950572,0,0,0,0,0,0,0,0,0,0,0
"FT0895",238.0524,624.4675,1018323.14816479,0,0,0,0,0,0,0,0,0,0,0
"FT0896",238.1073,156.3232,13077173.1478385,0,0,0,0,0,0,0,0,0,0,0
"FT0897",238.11595,323.1544,5440944.46410974,0,0,0,0,0,0,0,0,0,0,0
"FT0898",238.123,577.669,111299.990860294,0,0,0,0,0,0,0,0,0,0,0
"FT0899",239.0512,663.3278,1572373.16025308,0,0,0,0,0,0,0,0,0,0,0
"FT0900",239.0988,640.2904,399414.316435852,0,0,0,0,0,0,0,0,0,0,0
"FT0902",239.149,120.13705,6923407.83010351,753552,0,0,0,0,0,0,2617973,0,0,0
"FT0903",239.1755,159.1704,3136421.73701966,0,0,0,0,0,0,0,0,0,0,0
"FT0905",241.0681,217.889,1256258.30382531,0,0,0,0,0,0,0,0,0,0,0
"FT0906",241.1295,562.8539,66967063.8162743,6731811,0,0,0,713246,0,0,0,0,0,0
"FT0907",242.0514,543.8544,408144.133179772,0,0,0,0,0,0,0,0,0,0,0
"FT0909",242.2227,500.6977,1674417.11526866,0,0,0,0,0,0,0,0,0,0,0
"FT0910",242.9771,819.37745,5571379.10629566,0,0,0,0,0,0,0,0,0,0,0
"FT0911",242.9869,578.6764,716378.4720332,0,0,0,0,0,0,0,0,0,0,0
"FT0912",243.183,96.34911,238054.720803179,0,0,0,0,0,0,0,0,0,0,0
"FT0913",244.0237,789.1553,319248621.010651,0,0,0,0,0,3840203,0,0,0,0,0
"FT0914",244.06025,445.59415,3221486.82429549,0,0,0,0,0,0,0,0,0,0,0
"FT0915",244.0929,388.8831,11795875.1926899,0,0,0,0,0,0,0,0,0,0,0
"FT0916",244.1115,298.2843,1168101.89968031,0,0,0,0,0,0,0,0,0,0,0
"FT0917",244.1115,650.88685,23263827.1385504,2086149,0,0,0,0,0,0,0,0,0,0
"FT0918",244.1909,113.3347,3751954.24362731,538368,0,0,0,0,0,0,0,5021405,0,0
"FT0919",244.9347,1192.1285,6063905.2714575,0,0,0,0,0,0,0,0,0,0,0
"FT0920",245.0249,795.9572,37211388.9382792,0,0,0,0,46102032,0,0,0,0,0,0
"FT0922",245.0988,616.9104,7365982.32770956,0,0,0,0,0,0,0,0,0,0,0
"FT0923",245.1133,567.59325,66158440.7498326,7130613,0,0,0,0,0,0,0,0,0,0
"FT0924",245.1861,121.6382,651167.567934805,0,0,0,0,0,0,0,0,0,0,0
"FT0925",245.6005,617.8175,1371765.65567423,0,0,0,0,0,0,0,0,0,0,0
"FT0927",246.0724,694.9045,893174.870924789,0,0,0,0,0,0,0,0,0,0,0
"FT0928",246.0974,455.3531,6977802.32299947,0,0,0,0,0,0,0,0,0,0,0
"FT0929",246.0973,515.68855,18351707.994159,0,0,0,0,0,0,0,0,0,0,0
"FT0930",246.1103,567.50815,707985.215650324,0,0,0,0,0,0,0,0,0,0,0
"FT0932",247.0578,549.8799,708924.072692133,0,0,0,0,0,0,0,0,0,0,0
"FT0934",247.1179,577.6369,844335.209326302,0,0,0,0,0,0,0,0,0,0,0
"FT0935",247.1666,127.7829,997424.747244551,0,0,0,0,0,0,0,0,0,0,0
"FT0936",248.0217,787.8024,184481663.869758,0,0,16796416,3420291,0,2972686,0,0,0,0,0
"FT0937",248.0952,135.028,4296232.79764108,0,0,0,0,0,0,0,0,0,0,0
"FT0939",249.0571,389.2305,5039470.57956082,0,0,0,0,0,0,0,0,0,0,0
"FT0942",250.1286,131.84105,2400489.07908619,0,0,0,0,0,0,0,0,0,0,0
"FT0943",250.8917,1274.731,79646353.7745828,0,0,0,0,0,0,0,0,0,0,0
"FT0944",250.9414,187.5045,1166169.49986616,0,0,0,0,0,0,0,0,0,0,0
"FT0945",251.1251,263.693,59969056.2147918,6180355,299078,0,0,1177754,0,0,0,0,0,1018753339
"FT0946",251.1855,103.78785,261443.871744415,0,0,0,0,0,0,0,0,0,0,0
"FT0947",252.083,648.6375,1556236.72242532,0,0,0,0,0,0,0,0,0,0,0
"FT0948",252.1078,583.9352,6574667.20922398,0,0,0,0,0,0,0,0,0,0,0
"FT0949",252.1092,180.2604,119811958.290759,0,0,0,0,0,0,0,0,0,0,0
"FT0952",252.14415,553.08725,69389434.3513281,7221116,0,0,0,0,0,0,0,0,0,0
"FT0953",252.9646,788.69795,8854923.74329235,0,0,1641299,0,0,0,0,0,0,0,0
"FT0954",253.02575,188.3041,3757216.16068437,0,0,0,0,0,0,0,0,0,0,0
"FT0955",253.106,188.74015,4015246.53799856,0,0,0,0,0,0,0,0,0,0,0
"FT0956",253.11125,562.6329,2621323.09187019,0,0,0,0,0,0,0,0,0,0,0
"FT0957",253.1124,188.8905,21221787.4557159,0,0,0,0,0,0,0,0,0,0,0
"FT0960",255.084,138.22755,544953.34976436,0,0,0,0,0,0,0,0,0,0,0
"FT0961",255.091,299.7134,13871645.7280852,0,0,0,0,0,0,0,0,0,0,0
"FT0962",255.1074,519.8586,1116052.09330022,0,0,0,0,0,0,0,0,0,0,0
"FT0963",256.0793,401.7468,1576410.79344326,0,0,0,0,0,0,0,0,0,0,0
"FT0964",256.0799,325.8606,1513785.17859554,0,0,0,0,0,0,0,0,0,0,0
"FT0965",256.0946,297.77535,2352324.03870643,0,0,0,0,0,0,0,0,0,0,0
"FT0967",257.9329,1032.796,656507.876307191,0,0,0,0,0,0,0,0,0,0,0
"FT0968",257.9896,577.7605,2086318.77939386,0,0,0,0,0,0,0,0,0,0,0
"FT0969",258.1102,577.58995,34767503.0846151,2944916,0,0,0,0,0,0,0,0,0,0
"FT0970",259.0306,647.4065,1149589.74079035,0,0,0,0,0,0,0,0,0,0,0
"FT0972",259.1289,526.5379,2944064.47994091,0,0,0,0,0,0,0,0,0,0,0
"FT0973",259.1475,100.19215,419024.534889992,0,0,0,0,0,0,0,0,0,0,0
"FT0974",259.987,578.42425,1869021.45177275,0,0,0,0,0,0,0,0,0,0,0
"FT0975",260.0013,794.9835,41594619.7326885,0,0,0,0,0,0,0,0,0,0,0
"FT0976",260.113,149.3629,8251063.1628412,0,0,0,0,0,0,0,0,0,0,0
"FT0977",260.1143,576.7943,589147.482852673,0,0,0,0,0,0,0,0,0,0,0
"FT0978",260.1645,129.9438,30670002.1457068,5290740,0,0,0,0,0,0,0,0,0,0
"FT0979",261.0392,452.449,606536.831640415,0,0,0,0,0,0,0,0,0,0,0
"FT0980",261.1162,150.6293,1213311.67339196,0,0,0,0,0,0,0,0,0,0,0
"FT0982",262.1283,521.61535,159903811.355001,0,0,0,0,0,0,0,0,0,0,0
"FT0983",263.0364,692.4387,1325407.92294086,0,0,0,0,0,0,0,0,0,0,0
"FT0985",263.1491,101.8183,510613.547231106,0,0,0,0,0,0,0,0,0,0,0
"FT0986",264.0373,690.6404,1704371.24906931,0,0,0,0,1657010,0,0,0,0,0,0
"FT0988",266.1234,414.621,4401424.51161822,0,0,0,0,0,0,0,0,0,0,0
"FT0989",266.1598,529.2093,1634493.11309563,0,0,0,0,0,0,0,0,0,0,0
"FT0990",266.1728,112.2594,614089.3176915,0,0,0,0,0,0,0,0,0,0,0
"FT0991",267.0615,689.2766,381859.488121064,0,0,0,0,0,0,0,0,0,0,0
"FT0992",267.1271,403.11715,2881364.74740881,0,0,0,0,0,0,0,0,0,0,0
"FT0993",268.0666,568.03665,10082720.1984588,0,0,0,0,0,0,0,0,0,0,0
"FT0994",268.104,344.0059,1652979.19216786,0,0,0,0,0,0,0,0,0,0,0
"FT0995",268.1041,214.8115,138816455.584821,14782086,0,0,0,1396199,0,0,0,0,0,0
"FT0996",269.0105,468.6604,5065008.66434796,0,0,0,0,0,0,0,0,0,0,0
"FT0997",269.0348,469.8184,2765625.98250168,0,0,0,0,0,0,0,0,0,0,0
"FT0998",269.0624,666.5322,2498604.08640527,0,0,0,0,0,0,0,0,0,0,0
"FT0999",269.0881,357.5966,7050806.43150659,0,0,0,0,0,0,0,0,0,0,0
"FT1001",269.1054,573.1283,12483743.1155421,0,0,0,0,0,0,0,0,0,0,0
"FT1003",269.1252,551.31175,2121478.49520494,0,0,0,0,0,0,0,0,0,0,0
"FT1005",270.10885,572.5905,1487945.77324451,0,0,0,0,0,0,0,0,0,0,0
"FT1006",270.1087,279.065,1049398.08626137,0,0,0,0,0,0,0,0,0,0,0
"FT1007",270.1094,215.3103,1509392.1349887,0,0,0,0,0,0,0,0,0,0,0
"FT1008",271.1012,572.5342,546019.085262444,0,0,0,0,0,0,0,0,0,0,0
"FT1009",271.1288,494.4581,3410656.07361502,0,0,0,0,0,0,0,0,0,0,0
"FT1010",272.0922,216.47975,614446.902537109,0,0,0,0,0,0,0,0,0,0,0
"FT1011",272.1339,522.26245,3151682.69923013,0,0,0,0,0,0,0,0,0,0,0
"FT1012",272.1696,103.93555,441881.044601784,0,0,0,0,0,0,0,0,0,0,0
"FT1013",273.089,214.9893,17601530.3770185,1939809,0,0,0,0,0,0,0,0,0,0
"FT1014",273.0892,231.5376,4454057.15616374,0,0,0,0,0,0,0,0,0,0,0
"FT1015",274.0924,217.5026,1884767.59829514,0,0,0,0,0,0,0,0,0,0,0
"FT1016",275.0713,588.8904,3816086.09363235,0,0,0,0,0,0,0,0,0,0,0
"FT1017",275.1179,126.37265,20872582.7507135,3869065,0,0,0,0,0,0,0,753622,0,0
"FT1018",275.1349,677.13495,390458.175873905,0,0,0,0,0,0,0,0,0,0,0
"FT1019",275.135,570.64225,1189142.53472323,0,0,0,0,0,0,0,0,0,0,0
"FT1020",276.00295,615.72845,2263819.0881086,0,0,0,0,0,0,0,0,0,0,0
"FT1021",276.1078,399.1772,9854634.00437861,0,0,0,0,0,0,0,0,0,0,0
"FT1023",276.9645,788.63895,140917198.521788,0,0,28494569,0,0,1439782,0,12053108,0,0,0
"FT1024",277.0893,506.6142,637384.305643134,0,0,0,0,0,0,0,0,0,0,0
"FT1025",277.1104,928.599,1284162.8307917,0,0,0,0,0,0,0,0,0,0,0
"FT1027",277.1549,120.7039,679432.481836905,0,0,0,0,0,0,0,0,0,0,0
"FT1028",277.9652,788.3114,18429333.1538118,1308022,0,0,0,27057298,0,0,1668590,0,0,0
"FT1029",278.0444,383.57145,1307311.42125316,0,0,0,0,0,0,0,0,0,0,0
"FT1031",279.0137,694.88225,926441.767410636,0,0,0,0,0,0,0,0,0,0,0
"FT1032",279.0826,601.9003,490113.958931632,0,0,0,0,0,0,0,0,0,0,0
"FT1033",281.9087,449.2124,2045874.22530231,0,0,0,0,0,0,0,0,0,0,0
"FT1034",282.1185,601.45395,2491309.41941245,0,0,0,0,0,0,0,0,0,0,0
"FT1035",283.0499,553.9755,13230008.9700366,0,0,21469102,0,0,0,0,0,0,0,0
"FT1036",283.1752,115.9872,3130708.05628097,376022,0,0,0,0,0,0,5958307,0,0,0
"FT1037",283.9066,449.8265,4550319.9454322,0,0,0,0,0,0,0,0,0,0,0
"FT1038",284.099,445.2018,5908521.26770212,0,0,0,0,0,0,0,0,0,0,0
"FT1039",284.927,1193.5425,6894356.83604572,0,0,0,0,0,0,0,0,0,0,0
"FT1041",285.1026,444.64595,2024289.31125974,0,0,0,0,0,0,0,0,0,0,0
"FT1042",285.1444,282.87525,5490833.86671932,0,0,0,0,0,0,0,0,0,0,0
"FT1043",285.1445,401.0102,8311935.7995146,0,0,0,0,0,0,0,0,0,0,0
"FT1044",285.1445,650.47265,2934784.69398033,0,0,0,0,0,0,0,0,0,0,0
"FT1045",285.9044,449.6457,2635263.03509415,0,0,0,0,0,0,0,0,0,0,0
"FT1046",286.0705,715.8842,1347410.12762009,0,0,0,0,0,0,0,0,0,0,0
"FT1047",286.1036,471.5455,746482.961271669,0,0,0,0,0,0,0,0,0,0,0
"FT1048",286.1134,597.5162,7527794.953787,0,0,0,0,0,0,0,0,0,0,0
"FT1049",286.1479,400.5291,1559031.65873271,0,0,0,0,0,0,0,0,0,0,0
"FT1051",287.9325,573.57165,4085026.05383854,0,0,6558306,0,0,0,0,0,0,0,0
"FT1052",288.0291,666.63895,3387057.37876189,0,0,0,0,0,0,0,0,0,0,0
"FT1053",288.2896,123.7434,1581423.7854674,0,0,0,0,0,0,0,0,0,0,0
"FT1054",289.1335,121.813,45496633.9217956,9372821,0,0,0,0,0,0,0,0,0,0
"FT1055",289.1394,535.5845,10008893.2392799,0,0,0,0,0,0,0,0,0,0,0
"FT1056",289.2486,112.497,884619.519292308,0,0,0,0,0,0,0,0,0,0,0
"FT1057",290.1346,593.338,22088075.4259546,2332818,0,0,0,0,0,0,0,0,0,0
"FT1059",290.1429,535.2946,1189130.20350696,0,0,0,0,0,0,0,0,0,0,0
"FT1060",290.8842,1276.63,70267718.7946274,0,0,0,0,0,0,0,0,0,0,0
"FT1061",291.0687,598.7621,1487959.0161146,0,0,0,0,0,0,0,0,0,0,0
"FT1062",291.07,354.9262,5277031.14035404,0,0,0,0,0,0,0,0,0,0,0
"FT1063",291.1127,128.9765,28522671.8480926,5280461,0,0,0,0,0,0,0,0,0,0
"FT1064",291.1298,744.46835,9006159.64481604,836483,0,0,0,0,0,0,0,0,0,0
"FT1067",292.0629,648.5518,506744.596999711,0,0,0,0,0,0,0,0,0,0,0
"FT1069",292.1389,140.1291,4432962.8741279,0,0,0,0,0,0,0,0,0,0,0
"FT1070",292.942,788.4484,33915023.8980014,0,0,3151085,0,0,0,0,0,0,0,0
"FT1071",292.9843,760.2105,3855029.85969257,0,0,1979375,0,0,0,0,0,0,0,0
"FT1072",293.991,787.5209,10556438.9831836,0,0,2002738,1413898,0,0,0,0,0,0,0
"FT1073",294.1183,398.4504,16580346.1552906,0,0,0,0,0,0,0,0,0,0,0
"FT1074",294.9751,787.7917,23528028.3956499,0,0,4804612,0,0,0,0,0,0,0,0
"FT1075",295.0662,291.499,1557907.16972159,0,0,0,0,0,0,0,0,0,0,0
"FT1077",295.1288,477.56,18592524.0283015,0,0,0,0,0,0,0,0,0,0,0
"FT1078",296.0458,469.7059,20560734.6101233,0,0,0,0,0,0,0,0,0,0,0
"FT1081",298.0969,148.2908,98677515.371536,0,0,0,0,0,0,0,0,0,0,0
"FT1083",300.0565,690.63225,1181753.88726936,503231,0,0,0,0,0,0,0,0,0,0
"FT1088",302.1964,119.2285,1405888.56732067,0,0,0,0,0,0,0,0,0,0,0
"FT1089",303.11275,129.06495,1871732.46348229,0,0,0,0,0,0,0,0,0,0,0
"FT1090",303.1187,588.8087,4795106.25183668,0,0,0,0,0,0,0,0,0,0,0
"FT1091",303.1549,464.316,2411974.09112411,0,0,0,0,0,0,0,0,0,0,0
"FT1092",304.12545,567.01975,2032822.56698771,0,0,0,0,0,0,0,0,0,0,0
"FT1093",304.1756,97.085405,5422320.08076944,0,0,0,0,0,0,0,0,0,0,0
"FT1094",306.16065,122.29915,5120458.36371644,0,0,0,0,0,0,0,0,0,0,0
"FT1095",306.2476,99.269745,803214.028838701,0,0,0,0,0,0,0,0,0,0,0
"FT1096",307.026,691.2817,2136401.84380624,0,0,0,0,0,0,0,0,0,0,0
"FT1097",307.1023,724.6485,1505369.51393813,0,0,0,0,0,0,0,5705302,0,0,0
"FT1099",307.2268,101.7456,1013241.34246377,0,0,0,0,0,0,0,0,0,0,0
"FT1100",308.09105,640.18635,11767915.86619,1164992,0,0,0,0,0,0,0,0,0,0
"FT1101",308.2067,123.61835,4028412.22000224,0,0,0,0,0,0,0,0,0,0,0
"FT1102",309.0572,508.3982,7600519.39266014,1071827,0,0,0,0,0,0,0,0,0,0
"FT1103",312.0406,469.25305,14492689.387135,0,0,0,0,0,0,0,0,0,0,0
"FT1104",312.104,592.5169,1967756.91834301,0,0,0,0,0,0,0,0,0,0,0
"FT1105",314.0917,232.86575,5347520.84834961,0,0,0,0,0,0,0,0,0,0,0
"FT1107",317.9911,789.4678,64771886.4231412,0,0,13485535,0,0,0,0,0,0,0,0
"FT1108",318.9922,788.1211,9682213.99513385,0,0,0,0,12860272,0,0,0,0,0,0
"FT1110",321.106,580.65305,552107.681414087,0,0,0,0,0,0,0,0,0,0,0
"FT1111",322.8475,184.5079,7747981.61556661,0,0,0,0,0,0,0,0,0,0,0
"FT1113",324.8456,183.66975,9892615.09005901,0,0,0,0,0,0,0,0,0,0,0
"FT1114",325.0882,401.82405,3629697.24153335,0,0,0,0,0,0,0,0,0,0,0
"FT1115",325.2374,110.0838,1416813.98789458,0,0,0,0,0,0,0,0,0,0,0
"FT1116",326.0563,312.0692,6797234.36857403,0,0,0,0,0,0,0,0,0,0,0
"FT1117",326.8438,186.1849,8898546.47339452,0,0,0,0,0,0,0,0,0,0,0
"FT1118",327.2013,113.16105,944380.074282873,0,0,0,0,0,0,0,5747375,0,0,0
"FT1119",328.0856,401.7325,2040227.59168792,0,0,0,0,0,0,0,0,0,0,0
"FT1120",328.842,189.3526,2118216.70753467,0,0,0,0,0,0,0,0,0,0,0
"FT1121",329.1343,545.1403,23261719.1021223,0,0,0,0,0,0,0,0,0,0,0
"FT1122",330.0597,355.37365,97555022.4177551,10240753,0,0,0,0,1875103,0,0,0,0,0
"FT1123",330.1378,544.0986,5497568.50758076,0,0,0,0,0,0,0,0,0,0,0
"FT1124",330.1408,360.5446,1249648.2015582,0,0,0,0,0,0,0,0,0,0,0
"FT1126",332.0831,597.83865,1675768.00451758,0,0,0,0,0,0,0,0,0,0,0
"FT1127",332.5619,643.6412,2412582.88166927,0,0,0,0,0,0,0,0,0,0,0
"FT1128",333.12335,121.4782,462779.397288171,0,0,0,0,0,0,0,0,0,0,0
"FT1129",333.1293,605.8878,28576907.6268295,3981925,0,0,0,0,0,0,0,0,0,0
"FT1130",333.1691,420.53835,1985715.88260251,104028,0,0,0,0,0,0,0,0,0,0
"FT1131",333.9686,786.4305,14161535.2642947,0,0,0,0,0,0,0,0,0,0,0
"FT1134",335.2062,119.482,388064.221589402,0,0,0,0,0,0,0,0,0,0,0
"FT1135",336.0531,551.25035,47633363.3443917,0,0,98218239,0,0,0,0,0,0,0,0
"FT1136",336.0959,649.9362,511049.336140689,0,0,0,0,0,0,0,0,0,0,0
"FT1137",337.1532,603.4638,577294.32440349,0,0,0,0,0,0,0,0,0,0,0
"FT1139",339.1296,228.66515,4591828.24857071,0,0,0,0,0,0,0,0,0,0,0
"FT1140",339.2534,102.09675,449088.02633243,0,0,0,0,0,0,0,0,0,0,0
"FT1142",341.9583,190.7066,3522371.81628537,0,0,0,0,0,0,0,0,0,0,0
"FT1143",343.9565,189.939,2084959.73163451,0,0,0,0,0,0,0,0,0,0,0
"FT1145",345.07815,627.48305,31811437.4773955,4387521,0,0,0,0,0,0,0,0,0,0
"FT1147",346.05475,564.367,24134229.4231255,0,0,0,0,0,0,0,0,0,0,0
"FT1149",347.1449,570.8425,8885430.45811331,0,0,0,0,0,0,0,0,0,0,0
"FT1150",347.145,374.0199,9647452.41607179,1435145,0,0,0,0,0,0,0,0,0,0
"FT1151",348.0705,637.4738,3713604.21984448,0,0,0,0,0,0,0,0,0,0,0
"FT1152",348.1484,571.6027,1346475.8915405,0,0,0,0,0,0,0,0,0,0,0
"FT1154",348.2018,97.39716,6807837.40858481,0,0,0,0,0,0,0,0,0,0,0
"FT1155",348.9675,824.0484,6105839.70511191,0,0,0,0,0,0,0,0,0,0,0
"FT1156",349.0994,263.62735,1263217.35943663,0,0,0,0,0,0,0,0,0,0,0
"FT1157",349.2056,95.55867,786269.922860718,0,0,0,0,0,0,0,0,0,0,0
"FT1158",349.2736,112.7695,942140.31553941,0,0,0,0,0,0,0,0,0,0,0
"FT1159",350.9319,787.8024,71939039.0830901,0,0,17558559,10549715,0,0,0,13768558,0,0,0
"FT1162",353.0556,635.9661,14435625.9974994,1505653,0,0,0,0,0,0,0,0,0,0
"FT1163",353.9362,461.5897,8907244.11499342,0,0,0,0,0,0,0,0,0,0,0
"FT1164",354.0512,420.4961,2106874.05404297,0,0,0,0,0,0,0,0,0,0,0
"FT1165",355.074,659.9393,5962302.96492722,0,0,0,0,0,0,0,0,0,0,0
"FT1166",356.856,1278.014,38798687.8270873,0,0,0,0,0,0,0,0,0,0,0
"FT1167",357.1655,508.7744,3445604.76831,0,0,0,0,0,0,0,0,0,0,0
"FT1168",358.12465,469.324,2842370.17876163,735261,0,0,0,0,0,0,0,0,0,0
"FT1169",360.15015,603.5173,4159391.54313751,0,0,0,0,0,0,0,0,0,0,0
"FT1170",362.3139,105.5435,567020.938066134,0,0,0,0,0,0,0,0,0,0,0
"FT1172",364.0652,772.0623,3280907.24965386,0,0,0,0,0,0,0,0,0,0,0
"FT1174",365.0929,603.8761,1018417.10312559,0,0,0,0,0,0,0,0,0,0,0
"FT1175",365.1056,603.30995,1297019.43138909,0,0,0,0,0,0,0,0,0,0,0
"FT1176",366.0513,447.9762,2056790.35885939,0,0,0,0,0,0,0,0,0,0,0
"FT1177",366.9095,787.54095,24880199.7340989,0,0,3301039,0,0,0,0,0,0,0,0
"FT1178",367.9586,787.5801,12810970.0919755,0,0,2960697,1768702,0,0,0,0,0,0,0
"FT1179",368.9426,788.3114,18213879.965085,0,0,4541470,2459601,0,0,0,0,66593623,0,0
"FT1180",369.0506,775.2909,1545765.57877001,0,0,0,0,0,0,0,0,0,0,0
"FT1181",371.1871,657.6823,571774.640638392,4502031,0,0,0,0,0,0,0,0,0,0
"FT1182",371.1871,603.5553,981829.732988191,7484213,0,0,0,0,0,0,0,0,0,0
"FT1183",372.1904,603.692,8381386.47484539,0,0,0,0,0,0,0,0,0,0,0
"FT1185",374.0198,209.15055,1404716.99855675,0,0,0,0,0,0,0,0,0,0,0
"FT1186",376.0467,263.0599,4301496.21865252,0,0,0,0,0,0,0,0,0,0,0
"FT1187",376.1424,602.5952,434882.07755362,0,0,0,0,0,0,0,0,0,0,0
"FT1188",376.18065,117.65,1227839.49085115,391419,0,0,0,0,0,0,0,0,0,0
"FT1189",377.0532,321.9163,5229795.43981884,0,0,0,0,0,0,0,0,0,0,0
"FT1190",377.1331,603.864,1845851.58756441,0,0,0,0,0,0,0,0,0,0,0
"FT1191",377.1458,657.7248,937999.564779764,0,0,0,0,0,0,0,0,0,0,0
"FT1192",377.1459,603.2435,2782082.87905035,0,0,0,0,0,0,0,0,0,0,0
"FT1193",383.1034,128.2037,1526484.98265083,0,0,0,0,0,0,0,0,0,0,0
"FT1194",383.1533,198.9494,1776981.4887997,0,0,0,0,0,0,0,0,0,0,0
"FT1195",383.1532,207.9705,1263150.63513214,0,0,0,0,0,0,0,0,0,0,0
"FT1196",385.1105,118.1355,1152870.5456959,0,0,0,0,0,0,0,0,0,0,0
"FT1197",385.1287,529.63565,39383781.3687817,0,0,0,0,0,0,0,0,0,0,0
"FT1198",386.0423,230.63525,3369495.11826117,0,0,0,0,0,0,0,0,0,0,0
"FT1200",388.0364,231.5194,7833945.00595056,0,0,0,0,0,0,0,0,0,0,0
"FT1201",388.1215,447.0602,1863057.07154997,0,0,0,0,0,0,0,0,0,0,0
"FT1202",388.25425,111.3623,4297857.11639783,721441,0,0,0,0,0,0,0,0,0,0
"FT1203",389.0307,420.7249,3422731.48107326,0,0,0,0,0,0,0,0,0,0,0
"FT1204",389.1231,108.5058,1415858.57829999,0,0,0,0,0,0,0,0,0,0,0
"FT1207",391.9583,786.7509,120939540.107793,0,0,30804336,20113912,0,0,0,0,0,0,0
"FT1211",394.3038,102.0267,503249.99702725,0,0,0,0,0,0,0,0,0,0,0
"FT1212",396.2592,123.3606,567100.250382952,0,0,0,0,0,0,0,0,0,0,0
"FT1213",397.9118,136.6248,2706981.71991165,0,0,0,0,0,0,0,0,0,0,0
"FT1214",398.1251,295.0489,1804984.15746242,0,0,0,0,0,0,0,0,0,0,0
"FT1215",399.1446,650.0003,1728093.67088491,0,0,0,0,0,0,0,0,0,0,0
"FT1216",399.9115,119.9602,1839567.57064954,0,0,0,0,0,0,0,0,0,0,0
"FT1217",400.05795,186.9682,3855699.00574853,0,0,0,0,0,0,0,0,0,0,0
"FT1218",401.1248,312.1318,50999065.7502401,4435298,0,0,0,0,0,0,0,0,0,0
"FT1220",403.1348,755.9902,443649.257193745,0,0,0,0,0,0,0,0,0,0,0
"FT1221",404.2067,103.3009,878781.822924588,0,0,0,0,0,0,0,0,0,0,0
"FT1222",405.0094,745.07825,3413840.77881312,0,0,0,0,0,0,0,0,0,0,0
"FT1223",406.1194,665.7424,1596982.74020127,394469,0,0,0,0,0,0,0,0,0,0
"FT1224",407.0981,525.49905,2365247.70360613,664527,0,0,0,0,0,0,0,0,0,0
"FT1225",407.9361,787.8065,7651598.59230245,0,0,0,0,0,0,0,0,0,0,0
"FT1226",411.78,188.181,3619189.90229498,0,0,0,0,0,0,0,0,0,0,0
"FT1227",413.7782,189.3526,7366810.02242605,0,0,0,0,0,0,0,0,0,0,0
"FT1228",415.7763,189.3526,4702195.44832438,0,0,0,0,0,0,0,0,0,0,0
"FT1229",416.0517,636.3539,1141030.92961484,0,0,0,0,0,0,0,0,0,0,0
"FT1230",418.1598,657.7673,1744743.87637383,0,0,0,0,0,0,0,0,0,0,0
"FT1231",418.1914,117.65,6354830.4102801,2025768,401632,0,0,0,0,0,1047090,0,0,0
"FT1232",418.8565,1278.0765,11313263.6619045,0,0,0,0,0,0,0,0,0,0,0
"FT1234",419.3154,11.681,257670.70941113,0,0,0,0,0,0,0,0,0,0,0
"FT1235",420.9011,789.6098,18484409.3601145,0,0,7239277,5620903,0,0,0,0,0,0,0
"FT1238",425.1765,493.3302,19125772.049283,3501079,0,0,0,0,0,0,0,0,0,0
"FT1239",429.15605,296.64395,2711482.39021104,0,0,0,0,0,0,0,0,0,0,0
"FT1240",432.2384,97.33316,630970.881387912,0,0,0,0,0,0,0,0,0,0,0
"FT1241",432.2805,109.9329,2513816.26549626,517305,0,0,0,0,0,0,0,0,0,0
"FT1242",433.0944,231.0827,1921234.83987813,0,0,0,0,0,0,0,0,0,0,0
"FT1244",438.1062,323.14195,2393113.10735747,0,0,0,0,0,0,0,0,0,0,0
"FT1245",442.8688,183.139,2076406.27269867,0,0,0,0,0,0,0,0,0,0,0
"FT1246",443.0202,295.3383,2634314.46049742,0,0,1292379,0,0,0,0,0,0,0,0
"FT1248",444.1707,118.6098,3597525.83348287,1125896,0,0,0,0,0,0,443516,0,0,0
"FT1249",444.8671,185.7377,1979802.12628419,0,0,0,0,0,0,0,0,0,0,0
"FT1250",447.0952,232.4895,1000690.43068076,0,0,0,0,0,0,0,0,0,0,0
"FT1252",448.8993,788.1211,8810797.43464685,0,0,2640168,1434201,0,0,0,0,0,0,0
"FT1253",449.0895,231.5324,1421843.4537236,0,0,0,0,0,0,0,0,0,0,0
"FT1255",450.0774,562.80415,1304526.16930956,0,0,0,0,0,0,0,0,0,0,0
"FT1256",457.112,549.0245,16431997.1850347,3139226,0,0,0,0,0,0,0,0,0,0
"FT1257",460.983,787.9926,3761450.04104517,0,0,0,0,0,0,0,50648348,0,0,27357270
"FT1258",463.0466,311.6395,1526067.11967615,0,0,0,0,0,0,0,0,0,0,0
"FT1259",465.926,787.5968,174726631.156946,0,0,53634491,28648599,0,0,0,0,0,0,0
"FT1264",476.3066,107.9521,1109031.14165142,248927,0,0,0,0,0,0,0,0,0,0
"FT1267",481.9035,787.8024,17086088.6945298,0,0,3027385,0,0,0,0,0,0,0,0
"FT1268",487.1785,394.1408,3326915.34526382,636509,0,0,0,0,0,0,0,0,0,0
"FT1269",490.0576,311.30015,2424830.72304291,0,0,0,0,0,0,0,0,0,0,0
"FT1270",494.8687,788.4245,21123171.2581759,6382494,0,9694203,6440094,0,0,0,0,0,0,0
"FT1275",502.0897,190.0239,3677708.08889683,0,0,0,0,0,0,0,0,0,0,0
"FT1276",502.7111,188.1492,910671.734606154,0,0,798236,0,0,0,0,0,0,0,0
"FT1277",503.1187,324.81925,4238201.920801,0,0,0,0,0,0,0,0,0,0,0
"FT1278",518.0848,217.1983,1423346.74879088,0,0,0,0,0,0,0,0,0,0,0
"FT1279",520.3329,105.8775,436687.059589732,0,0,0,0,0,0,0,0,0,0,0
"FT1280",521.0971,234.3472,4117848.72612341,594241,0,0,0,0,0,0,0,0,0,0
"FT1282",535.5068,787.7308,1444612.98163897,0,0,0,0,0,0,0,0,0,0,0
"FT1283",547.2496,114.78695,2644085.49775011,1043629,0,0,0,0,0,0,0,0,0,0
"FT1284",548.2716,125.6207,161215.110521715,0,0,0,0,0,0,0,0,0,0,0
"FT1287",554.16585,123.6746,901318.222663064,278570,0,0,0,0,0,0,0,0,0,0
"FT1289",560.07925,687.7004,2013700.55149289,0,0,0,0,0,0,0,0,0,0,0
"FT1290",568.7847,1279.0935,7944988.40961363,0,0,0,0,0,0,0,0,0,0,0
"FT1291",575.977,787.4936,4748400.78168286,0,0,1117698,0,0,0,0,50139057,0,0,0
"FT1292",580.9199,787.50105,57426054.307459,10432246,0,21536086,10536347,0,0,0,0,0,0,0
"FT1295",584.08895,745.07825,5095113.29549116,750699,0,0,0,0,0,0,0,0,0,0
"FT1296",589.03155,745.0548,1413580.63131697,362434,0,0,0,0,0,0,0,0,0,0
"FT1298",594.0024,787.62335,4388238.2032421,0,0,0,12931771,12931570,0,0,0,0,0,0
"FT1300",596.8975,788.6223,9026856.67821508,0,0,2230385,0,0,0,0,0,0,0,0
"FT1301",608.0889,696.3879,1484753.15175617,0,0,0,0,0,0,0,0,0,0,0
"FT1302",664.1168,639.0199,2070227.45886304,0,0,0,0,0,0,0,0,0,0,0
"FT1303",666.1323,603.2046,5518609.48441213,1383001,0,0,1483493,0,0,0,0,0,0,0
"FT1304",685.83015,9.4827445,2972566.9389635,0,0,0,0,0,0,0,0,0,0,0
"FT1305",691.1024,797.18695,7181256.96045804,1562941,0,0,0,0,0,0,0,0,0,0
"FT1306",695.9137,789.70745,39425740.4462025,7789476,0,17255366,7802088,0,0,0,0,0,0,0
"FT1307",695.914,788.3114,46319415.0223766,9137692,0,20275399,9150849,9188420,0,0,0,0,0,0
"FT1311",707.9976,788.4267,34278171.0630327,0,0,9810270,0,0,0,0,0,0,0,0
"FT1312",708.9965,787.70015,4478527.27754423,0,0,0,0,0,0,0,0,0,0,0
"FT1316",711.8916,787.5232,6062632.16092566,0,0,1840079,0,0,0,0,0,0,0,0
"FT1321",765.49475,787.79705,3195022.75084851,0,0,0,2201433,2195344,0,0,0,0,0,0
"FT1322",786.1646,533.75035,11285240.4779177,3756172,0,0,3746274,0,688786,0,0,0,0,0
"FT1324",810.9078,787.8065,16948080.9706401,3684940,0,8491273,3657878,3661118,0,0,0,0,0,0
"FT1325",810.9081,788.53165,16958392.3058545,3746653,0,8499225,3664376,3670234,0,0,0,0,0,0
"FT1328",822.9916,788.441,14873002.0266263,0,0,5052423,3171293,3170843,0,0,0,0,0,0
"FT1329",823.9904,786.9155,3371827.25627699,0,0,0,0,0,0,0,0,0,0,0
"FT1331",880.4884,787.55165,1911771.75282471,0,0,0,1582844,1579106,0,0,0,0,0,0
