"feature","mzmed","rtmed","BMIS","BMIS_avg"
"FT001",60.0581703161295,559.665344238281,"None",2032522.57974999
"FT002",63.02703175485,491.390808105469,"Betaine, 13C5-15N",4885190.26208297
"FT003",70.0658201288959,446.740326,"None",12706788.08638
"FT004",72.0814613240688,420.104019165039,"None",10429234.0249027
"FT005",74.0970888515595,539.262298583984,"Betaine, 13C5-15N",99016830.4862299
"FT007",76.0399695481672,622.791839599609,"DL-Proline, D7",9072067.96908999
"FT008",76.0763258236447,310.596466064453,"Betaine, 13C5-15N",1126474700.66604
"FT009",76.103451504832,448.498962402344,"Adenine, 15N2",1285300.44080378
"FT012",77.1097127085951,448.628112792969,"Adenine, 15N2",5872119.87127701
"FT014",80.131626762559,423.538619995118,"DL-Valine, D8",4932205.39383702
"FT015",84.0449895412548,646.783874511719,"Adenine, 15N2",12404128.5876018
"FT016",84.0449985924538,594.924896240234,"DL-Proline, D7",37819932.3566777
"FT017",86.0606226802208,611.437377929688,"DL-Histidine, 15N",33769003.2165915
"FT018",86.0969952179008,346.370239257812,"Guanine, 13C-15N2",9345582.14275713
"FT019",87.0446301773362,611.330444335938,"Adenine, 15N2",6609069.01144887
"FT020",88.1126442826538,508.640655517578,"Betaine, 13C5-15N",4732803.96176539
"FT021",90.0555074590479,606.515197753906,"Adenine, 15N2",13363487.8809336
"FT022",90.0555138670014,575.665863037109,"DL-Histidine, 15N",26142259.015988
"FT023",90.055506375465,534.0234375,"DL-Histidine, 15N",5961837.53136869
"FT024",90.0919002028268,325.449645996094,"Betaine, 13C5-15N",57950966.7544493
"FT025",90.0918499009925,302.249618530273,"Betaine, 13C5-15N",255047175.240351
"FT026",93.0452419364879,186.226745605469,"Adenine, 15N2",2857268.81901881
"FT027",93.0743211350254,575.724761962891,"DL-Histidine, 15N",7938283.84482096
"FT028",97.0844760814645,190.909767150879,"Betaine, 13C5-15N",384870.779262995
"FT029",100.039782384649,497.705123901368,"DL-Histidine, 15N",4808087.50115074
"FT030",101.10777310411,522.006066,"Betaine, 13C5-15N",3275776.09919095
"FT031",102.055400003054,646.303771972656,"None",2681953.8655819
"FT032",102.128136091344,337.241760253906,"Arsenobetaine, 13C2",2592449.53362466
"FT033",103.955910535836,177.803916931152,"DL-Histidine, 15N",13525747.8923878
"FT035",104.107394381967,550.041839599609,"Adenine, 15N2",242805316.141378
"FT037",106.050297937011,621.227752685547,"DL-Proline, D7",19530998.1301693
"FT038",106.086665512316,462.027206420898,"Betaine, 13C5-15N",10501850.0686306
"FT039",111.068698591138,577.980285644531,"DL-Histidine, 15N",5562445.48913969
"FT040",112.050892389643,323.100006103516,"Cytosine, 13C2-15N3",126492688.343353
"FT041",112.050901816212,387.236328125,"Guanine, 13C-15N2",55103667.7436026
"FT042",112.062116847136,233.752777099609,"Guanine, 13C-15N2",644558.948720605
"FT044",113.060053551878,98.8258600461426,"Adenine, 15N2",19319837.7936985
"FT045",114.066502760621,241.106719970703,"Guanine, 13C-15N2",6392231.15256108
"FT046",114.091668872368,121.577362060547,"DL-Histidine, 15N",24476975.3624011
"FT047",115.095028022562,121.504505157471,"DL-Histidine, 15N",1362178.01181846
"FT048",116.051672182098,323.243713378906,"Cytosine, 13C2-15N3",2982046.19116439
"FT049",116.07089543031,447.050552368164,"DL-Proline, D7",839432953.043352
"FT050",116.984830403794,448.203125,"DL-Valine, D8",759212.456956576
"FT052",117.054922816896,564.938598632812,"DL-Histidine, 15N",8045968.47918815
"FT054",117.113766120021,558.13157225,"DL-Histidine, 15N",826722.081260178
"FT056",118.061589825013,619.512817382812,"Adenine, 15N2",2378012.42887946
"FT057",118.086451658846,343.542663574219,"Betaine, 13C5-15N",4864574295.30371
"FT058",118.122704030685,344.554977416992,"Betaine, 13C5-15N",4825318.0113321
"FT059",119.035460660613,227.334762573243,"DL-Valine, D8",1593454.96560231
"FT063",120.032551443347,229.16340637207,"DL-Valine, D8",1672157.59223541
"FT064",120.065792098085,585.776062011719,"DL-Proline, D7",123334834.022874
"FT065",120.065753788051,570.551025390625,"DL-Histidine, 15N",13432833.0373168
"FT066",120.081042345954,259.6875,"Adenine, 15N2",34970678.5425179
"FT069",120.972496438231,1227.92016601562,"Betaine, 13C5-15N",106016711.179833
"FT070",121.032016412326,413.496215820312,"Arsenobetaine, 13C2",213230129.168562
"FT072",121.068427628409,554.406829833984,"Adenine, 15N2",2894578.78203689
"FT073",121.10227389425,459.518905639648,"None",4194298.6292252
"FT074",122.006539764285,1225.5551147461,"Betaine, 13C5-15N",108466441.493486
"FT077",122.081440869438,422.605575561523,"DL-Proline, D7",26465144.5543978
"FT078",122.108472505666,448.561498942383,"DL-Proline, D7",13184046.3711307
"FT080",123.055490903844,152.394790649414,"Cytosine, 13C2-15N3",62554201.2341703
"FT081",123.084737330205,422.488586425781,"DL-Histidine, 15N",582333.136340142
"FT082",123.096950574851,343.406585693359,"Arsenobetaine, 13C2",13076946.367132
"FT083",123.103132795929,342.665161132812,"Betaine, 13C5-15N",4188472.11389401
"FT085",124.03947504582,193.544296264648,"None",78798764.4425358
"FT088",125.079195416099,190.987731933594,"Betaine, 13C5-15N",963634.368546107
"FT089",126.022141491545,581.190671914062,"DL-Proline, D7",9694434.44805378
"FT091",127.072864300914,320.951934814453,"Arsenobetaine, 13C2",27408049.3432054
"FT092",127.072877096269,342.985687255859,"Betaine, 13C5-15N",21419634.6902864
"FT093",128.131141840137,263.14794921875,"DL-Valine, D8",1307647.84507239
"FT094",129.066036125532,497.664428710938,"Adenine, 15N2",61860092.1920749
"FT095",130.04727559971,583.497619628906,"DL-Proline, D7",1747610.73398722
"FT096",130.050018846867,594.675476074219,"DL-Proline, D7",153717515.29296
"FT097",130.050017075489,646.372009277344,"DL-Proline, D7",96060584.1501817
"FT099",130.159197106777,313.798187255859,"Betaine, 13C5-15N",16374680.4593838
"FT101",131.070384492999,492.337860107422,"Betaine, 13C5-15N",3879872.44230663
"FT102",131.07037930161,451.773376464844,"DL-Histidine, 15N",16521602.2448112
"FT103",132.076883540854,571.509460449219,"DL-Histidine, 15N",744664380.447747
"FT104",132.101991305757,347.286804199219,"DL-Histidine, 15N",236182290.890946
"FT105",132.102012538998,474.222473144531,"Betaine, 13C5-15N",689932154.529171
"FT106",132.102045320014,304.338806152344,"Betaine, 13C5-15N",158481864.87625
"FT107",133.027835432651,782.316467285156,"DL-Proline, D7",401481459.898225
"FT108",133.031872852009,368.097686767579,"DL-Histidine, 15N",79055694.7679034
"FT109",133.061043528198,602.433166503906,"Adenine, 15N2",3346551.4062146
"FT110",133.098982553652,340.861785888672,"Guanine, 13C-15N2",8640312.72143107
"FT111",133.098966038239,341.664428710938,"Guanine, 13C-15N2",6318671.84250264
"FT115",134.044941694208,662.145935058594,"DL-Proline, D7",14045867.8751343
"FT116",134.081254435126,524.982635498047,"DL-Histidine, 15N",5151872.42498915
"FT117",134.090361443765,245.622375488281,"DL-Valine, D8",1843792.19903418
"FT120",135.030270720748,400.698303222656,"Guanine, 13C-15N2",2953980.85970181
"FT121",135.047465931711,491.392364501953,"Adenine, 15N2",1280795205.91852
"FT124",136.050689958931,357.185089111328,"Guanine, 13C-15N2",5127589.98181758
"FT125",136.050678837114,362.868530273438,"DL-Histidine, 15N",3109970.83183129
"FT126",136.061873030384,229.121673583984,"Adenine, 15N2",468382987.238985
"FT127",136.061825606591,176.442260742188,"Adenine, 15N2",78119522.966555
"FT128",136.06182067739,145.065462,"None",4882242.06373995
"FT130",137.045881749343,287.371124267578,"Guanine, 13C-15N2",173148814.904707
"FT131",137.045850337549,352.988342285156,"Cytosine, 13C2-15N3",35241601.3302038
"FT132",137.045900865582,250.361999511719,"Guanine, 13C-15N2",5628219.80202508
"FT133",137.058947465437,229.120590209961,"Adenine, 15N2",14963928.074978
"FT134",137.063158362513,556.295349121094,"None",1695118.19550769
"FT137",138.055027125108,377.480987548828,"Betaine, 13C5-15N",277003319.519881
"FT139",138.136557295908,386.2666015625,"Guanine, 13C-15N2",75430.8389589659
"FT140",139.030372796242,322.837127685547,"None",4712530.56546901
"FT141",139.050279882377,185.410781860352,"Betaine, 13C5-15N",11441448.6904754
"FT142",139.050264406492,186.073638916016,"Cytosine, 13C2-15N3",9325657.61373141
"FT143",139.050229351461,400.984283447266,"DL-Proline, D7",113686720.244111
"FT144",139.050299842083,465.020904541016,"Guanine, 13C-15N2",16145361.8412608
"FT149",139.142827423895,363.63429260254,"DL-Valine, D8",4466754.67790231
"FT150",139.14282786698,387.312225341797,"DL-Valine, D8",438220.338687932
"FT151",140.068161010742,343.399780273438,"None",3984731.39286455
"FT153",141.06592018411,340.898712158203,"Betaine, 13C5-15N",18797562.1794509
"FT154",141.113514921389,226.158500671386,"Betaine, 13C5-15N",1580021.75272805
"FT156",143.081595049019,418.014556884766,"Betaine, 13C5-15N",20492562.8627239
"FT157",143.081545509849,471.555969238281,"Betaine, 13C5-15N",636184250.408993
"FT158",143.081604966294,451.079895019531,"Betaine, 13C5-15N",40337350.6102537
"FT160",144.101970159008,298.497833251953,"Betaine, 13C5-15N",97312274.9967455
"FT161",144.101976014885,460.434612,"Betaine, 13C5-15N",41701468.746818
"FT162",144.982185659789,178.096229553222,"DL-Histidine, 15N",478750488.387182
"FT163",144.9822021061,458.842895507812,"DL-Histidine, 15N",239494197.709772
"FT167",146.092456910038,587.652160644531,"Betaine, 13C5-15N",3293531.31174443
"FT168",146.117593851504,495.920623779297,"Adenine, 15N2",266454187.57604
"FT169",146.117635638422,405.872192382812,"Betaine, 13C5-15N",90210964.2141838
"FT170",146.11761279326,254.605026245117,"Betaine, 13C5-15N",1825269.54687371
"FT171",146.980364848366,178.098258972168,"DL-Histidine, 15N",213102977.859269
"FT172",146.980389479566,458.759567260742,"DL-Histidine, 15N",112131873.386775
"FT175",147.099662937081,527.451782226562,"None",2847840.26840066
"FT176",147.099643801243,525.812927246094,"DL-Histidine, 15N",4358398.77907445
"FT177",147.112844926428,974.911743164062,"DL-Proline, D7",18352685.5370879
"FT179",147.983678816314,178.409439086915,"DL-Histidine, 15N",9786859.63927398
"FT180",148.042785571469,480.993469238281,"Adenine, 15N2",1771593.20548662
"FT182",148.060477371591,646.319152832031,"DL-Proline, D7",80972842.3890232
"FT183",148.060515330693,618.271240234375,"Adenine, 15N2",3432781.39154628
"FT185",148.09686317995,408.195922851562,"Arsenobetaine, 13C2",67559371.2207256
"FT186",148.105899982793,530.339935302734,"None",39951215.9067205
"FT187",148.105861058009,527.404724121094,"DL-Histidine, 15N",75383358.1128618
"FT190",149.063147582876,526.974334716797,"Adenine, 15N2",5812733.14046174
"FT194",150.058359571024,362.432205200196,"Guanine, 13C-15N2",25181270.4112279
"FT195",150.077504932,296.609558105469,"Adenine, 15N2",3273164.21693705
"FT196",150.112554210085,192.002197265625,"Betaine, 13C5-15N",17367005.6190343
"FT197",151.042379492596,511.403045654297,"None",1866374.89379902
"FT198",151.042363299102,478.792160034179,"None",3121409.3960617
"FT199",151.096566390944,130.487518310547,"Arsenobetaine, 13C2",19016702.0279802
"FT200",151.144195970867,310.427200317383,"Arsenobetaine, 13C2",268094085.921797
"FT202",152.056763399107,436.985717773438,"None",7368821.2358961
"FT203",152.070667448376,127.814682006836,"Betaine, 13C5-15N",31040783.7180093
"FT204",152.147537231445,310.413299560547,"Arsenobetaine, 13C2",17955126.0093899
"FT209",154.053281069964,263.054244995117,"Guanine, 13C-15N2",20190702.3945729
"FT210",154.072359695096,452.516418457031,"DL-Proline, D7",1110758.88023437
"FT212",154.080266238987,192.677673339844,"Arsenobetaine, 13C2",1431927.75928513
"FT214",155.081535943153,436.274353027344,"Betaine, 13C5-15N",199558421.172459
"FT216",156.076880644554,579.155731201172,"DL-Histidine, 15N",52980767.5585868
"FT220",157.097272514608,346.370244,"Arsenobetaine, 13C2",15691453.9435169
"FT221",158.077325830507,578.746215820312,"DL-Histidine, 15N",880275.251513122
"FT222",158.081274930585,392.314300537109,"DL-Proline, D7",12874736.6038298
"FT223",158.117653738812,444.896334,"Betaine, 13C5-15N",6344215.18827921
"FT224",159.01710761558,571.989995011719,"None",17984143.1317883
"FT225",159.027815148744,287.806259155273,"None",6726971.90653263
"FT226",159.076490200141,522.069213867188,"DL-Proline, D7",6058013.39155149
"FT227",159.076546481767,639.435974121094,"DL-Histidine, 15N",26219339.0000337
"FT228",160.096901582102,416.501373291016,"Betaine, 13C5-15N",308113754.393032
"FT229",160.096920004461,369.476531982422,"Betaine, 13C5-15N",28983314.2359963
"FT230",160.096911587652,477.692321777344,"None",19426945.7057623
"FT231",160.133318126543,494.783966064453,"Adenine, 15N2",7062260.74993137
"FT232",160.133288737796,429.4697265625,"Arsenobetaine, 13C2",13261293.1247686
"FT233",161.014309837702,572.042114257812,"None",7867700.28740805
"FT234",161.063143808035,467.830520629883,"Betaine, 13C5-15N",5378318.32268678
"FT236",162.112531827434,401.223876953125,"Betaine, 13C5-15N",193068199.672966
"FT237",162.112520955115,491.100128173828,"Adenine, 15N2",241397341.824034
"FT238",162.112547019652,315.765640258789,"Arsenobetaine, 13C2",14930116.9932932
"FT241",164.100887463092,426.533615112304,"Cytosine, 13C2-15N3",177761.524608035
"FT242",164.126133256899,491.573226928711,"None",1129695.98280607
"FT243",165.058159383827,413.529479980469,"Arsenobetaine, 13C2",46474329.2381755
"FT246",166.086345201097,471.859588623047,"Betaine, 13C5-15N",14477456.9471851
"FT247",166.086349651665,259.284408569336,"Adenine, 15N2",39672291.8384511
"FT248",166.086362173707,416.241485595703,"Betaine, 13C5-15N",9691475.34732057
"FT250",168.069069612435,411.684906005859,"Guanine, 13C-15N2",6407099.75093654
"FT251",168.088057178993,252.534149169922,"DL-Proline, D7",1794349.23565912
"FT252",168.096191146631,155.101348876953,"Arsenobetaine, 13C2",2628136.25737528
"FT254",170.068431434509,942.434326171875,"Arsenobetaine, 13C2",9182723.18221062
"FT255",170.078085838273,199.182754516602,"None",249484.384358017
"FT256",170.117645542637,395.913482666016,"Betaine, 13C5-15N",16415218.0663861
"FT257",171.076475419003,593.851684570312,"Adenine, 15N2",1740248.16930815
"FT258",171.084409203087,189.907333374023,"Arsenobetaine, 13C2",41880533.4128751
"FT259",172.071812848881,438.761627197266,"None",753374.97849428
"FT261",172.09078045241,197.630722045898,"Arsenobetaine, 13C2",604061.796999371
"FT262",172.133255093695,109.273010253906,"Cytosine, 13C2-15N3",7828984.82369257
"FT263",173.030760079729,693.196264003906,"DL-Valine, D8",785165.60125604
"FT264",173.09219527275,412.075866699219,"Betaine, 13C5-15N",14148922.3782812
"FT265",173.100114175961,185.426788330078,"Adenine, 15N2",460298.038973947
"FT266",174.022043816961,269.751037597656,"Guanine, 13C-15N2",17774509.285578
"FT267",174.038745350526,400.325866699219,"None",46650629.2341318
"FT268",174.136567546363,262.724349975586,"DL-Valine, D8",2095174.54734997
"FT270",175.071470703208,635.40869140625,"Adenine, 15N2",1736845.26508177
"FT272",175.10778644196,546.360961914062,"Adenine, 15N2",1438813.74082254
"FT273",175.119075310468,1016.17602539062,"DL-Proline, D7",163893663.281845
"FT274",176.091817564531,573.119743976563,"DL-Histidine, 15N",20545169.5758687
"FT276",176.111189809566,393.944976806641,"Guanine, 13C-15N2",2035448.22443246
"FT277",176.128235982595,379.093338012696,"Betaine, 13C5-15N",7345322.87579175
"FT278",176.128233767185,446.848083496094,"Adenine, 15N2",4523213.99828194
"FT279",176.128185475978,537.887939453125,"Adenine, 15N2",29954530.9676623
"FT280",176.13946277885,343.112747192382,"None",4826116.97388699
"FT281",177.036152422035,400.325866699219,"None",15795999.3151972
"FT282",177.058218909815,463.183959960938,"Arsenobetaine, 13C2",1916491.81384836
"FT283",178.107467039614,436.703689152344,"Adenine, 15N2",6654950.68122692
"FT284",179.004844667723,330.212066650391,"Arsenobetaine, 13C2",34987129.1501879
"FT285",179.073718195047,493.218444824219,"Adenine, 15N2",52939434.3290704
"FT286",179.073649415379,564.727783203125,"DL-Histidine, 15N",101064594.071608
"FT288",180.061817602019,622.933990478516,"Adenine, 15N2",3555449.0946798
"FT291",180.101973783405,411.681182861328,"Betaine, 13C5-15N",29302101.9556773
"FT293",181.030927928401,465.017639160156,"DL-Histidine, 15N",476677275.360964
"FT296",181.101964372134,247.486480712891,"Cytosine, 13C2-15N3",6942782.53156738
"FT297",181.102008035301,245.622375488281,"DL-Valine, D8",8603293.14618246
"FT300",181.127432022338,447.221725463867,"Betaine, 13C5-15N",5173201.0904665
"FT301",181.127467043969,442.887451171875,"DL-Histidine, 15N",2853379.87799455
"FT303",182.032948759435,574.333740234375,"Betaine, 13C5-15N",152769973.812655
"FT304",182.067310825353,328.779083251953,"Betaine, 13C5-15N",8025192.94160552
"FT305",182.081297547604,490.025283813476,"Adenine, 15N2",12746944.1836388
"FT306",182.117712484585,135.973983764648,"Adenine, 15N2",16883382.5561863
"FT308",184.063986111721,322.993270874023,"Guanine, 13C-15N2",7474685.98846919
"FT309",184.073407295872,667.476165771484,"DL-Proline, D7",4788843.89131249
"FT310",184.169750826104,110.621955871582,"Betaine, 13C5-15N",7710406.90234238
"FT312",185.092203867554,392.53141784668,"Betaine, 13C5-15N",11438538.9815806
"FT313",186.944082312643,1228.59387207031,"DL-Histidine, 15N",224285615.025833
"FT315",188.957738862806,116.638607025147,"Betaine, 13C5-15N",2831787.24726331
"FT316",189.098327941979,438.761627197266,"DL-Proline, D7",959665.572420975
"FT317",189.123439662512,415.569763183594,"Adenine, 15N2",4864206.29190793
"FT318",189.159792339129,847.789672851562,"None",28330558.7508766
"FT319",190.01268319765,399.774444580078,"None",3261029.47201111
"FT320",190.9572796072,114.578155517578,"Betaine, 13C5-15N",2412669.63629389
"FT321",191.073831452306,423.779907226562,"Adenine, 15N2",2930416.19229553
"FT322",191.073825334788,495.865417480469,"Adenine, 15N2",2444361.42250591
"FT323",191.073731093708,545.206207275391,"None",1517108.6097966
"FT324",192.123134705061,271.917816162109,"Adenine, 15N2",4041918.22507711
"FT325",192.123065283538,543.6962890625,"DL-Histidine, 15N",4025987.36350364
"FT326",192.159625034006,115.684092286865,"Adenine, 15N2",594274.320011464
"FT327",192.888210036162,179.839553833007,"Cytosine, 13C2-15N3",3660650.77498858
"FT328",193.053083616677,578.019622802734,"DL-Histidine, 15N",45333187.7200445
"FT329",193.089542829028,492.888320922852,"Arsenobetaine, 13C2",9335010.85456726
"FT330",193.089392461931,460.352035522461,"None",108175138.727532
"FT332",194.067402401271,200.221122741699,"Cytosine, 13C2-15N3",1308867.28090711
"FT334",194.092736684814,459.37825012207,"DL-Histidine, 15N",3269068.93064724
"FT335",194.886378567572,178.807876586914,"DL-Histidine, 15N",6775507.71804558
"FT336",195.068699545786,545.427947998047,"DL-Histidine, 15N",2657243.85791249
"FT337",195.068754206777,578.228973388672,"Guanine, 13C-15N2",2163912.13672141
"FT338",195.122882176464,121.148941040039,"Adenine, 15N2",8390155.85723367
"FT339",196.083023766268,242.160903930664,"DL-Valine, D8",6953665.83439905
"FT341",196.16975402832,105.432792663574,"Arsenobetaine, 13C2",4141973.64180893
"FT342",197.096416339066,574.916717529297,"DL-Histidine, 15N",729744.219313945
"FT343",198.124074484345,425.849624633789,"DL-Histidine, 15N",3944928.82319896
"FT344",198.18538678836,107.624786376953,"Adenine, 15N2",5304118.86742026
"FT345",198.997061581154,575.279724121094,"Adenine, 15N2",8725152.95600337
"FT347",201.025109310577,383.486145019531,"None",2001235.28048857
"FT348",201.12340586511,554.384155273438,"None",632681.429906695
"FT349",204.123200002878,336.220825195312,"Adenine, 15N2",316171771.396853
"FT350",206.102494317594,583.146301269531,"DL-Histidine, 15N",6527626.27909079
"FT351",206.138851797558,302.999755859375,"Betaine, 13C5-15N",9433167.57262459
"FT352",206.138848809961,135.844207763672,"Cytosine, 13C2-15N3",62397281.1516104
"FT353",207.068609063716,446.59260559082,"Arsenobetaine, 13C2",2853723.01235672
"FT354",209.047940295326,588.523010253906,"DL-Proline, D7",35203782.7625433
"FT355",209.084456349927,396.489624023438,"Arsenobetaine, 13C2",9438017.94393482
"FT356",210.072246070417,594.013214111328,"Arsenobetaine, 13C2",1479385.1411975
"FT357",211.05646284499,645.642578125,"Adenine, 15N2",3478258.78548828
"FT358",212.095152577656,523.180419921875,"DL-Histidine, 15N",254560240.768657
"FT359",212.164552552469,115.510604858398,"Adenine, 15N2",1952312.03073262
"FT360",214.064557896331,195.911987304688,"DL-Valine, D8",4888311.8831575
"FT361",218.138675773425,252.740646362305,"Betaine, 13C5-15N",111472024.411685
"FT362",223.063618069882,441.278779900391,"Betaine, 13C5-15N",1354602.88058503
"FT363",223.063521145059,493.178985595703,"Adenine, 15N2",1436406.39603797
"FT364",225.079254874253,380.418014526368,"Arsenobetaine, 13C2",3395511.11111991
"FT365",225.079245148198,453.358764648438,"Betaine, 13C5-15N",1870872.02074666
"FT366",225.982531164767,449.231292724609,"Cytosine, 13C2-15N3",36481789.7280769
"FT367",226.04744848964,684.972045898438,"None",350918.440213697
"FT369",227.08165919955,685.155029296875,"Arsenobetaine, 13C2",1429681.01909993
"FT372",228.097964739119,288.349472045898,"Cytosine, 13C2-15N3",3425560.38153913
"FT375",233.08949819512,322.993270874023,"Cytosine, 13C2-15N3",2345415.5328439
"FT376",233.914905256541,178.097183227539,"Cytosine, 13C2-15N3",74624689.1442699
"FT377",234.918017679854,178.03547668457,"DL-Histidine, 15N",14793811.1016927
"FT378",235.91308891448,178.970901489258,"Cytosine, 13C2-15N3",71484730.823485
"FT379",236.149344396751,407.568336,"Adenine, 15N2",63211628.4930683
"FT380",236.149278849493,516.235473632812,"DL-Histidine, 15N",49427141.0094709
"FT381",236.916311119501,178.093124389648,"DL-Histidine, 15N",5548936.63294997
"FT382",237.911170674477,178.833282470703,"DL-Histidine, 15N",26565419.3180469
"FT383",238.123020906277,574.56884765625,"Arsenobetaine, 13C2",77170.0299119683
"FT384",239.148994837721,117.310005187988,"Adenine, 15N2",6827489.31156275
"FT385",239.17546081543,151.470001220703,"DL-Histidine, 15N",16295614.8106297
"FT386",242.222697503705,498.170043945312,"Adenine, 15N2",1982289.02090585
"FT387",243.182996830606,94.6585540771484,"DL-Histidine, 15N",303182.4084641
"FT388",244.092905862584,387.643737792969,"Cytosine, 13C2-15N3",11200232.1998497
"FT389",244.190878051473,109.15308,"Guanine, 13C-15N2",4517218.81668307
"FT390",244.934676295257,1225.60418701172,"None",5645809.11332405
"FT391",245.113262065784,566.379699707031,"DL-Histidine, 15N",67633983.7296078
"FT392",246.097366333008,454.141143798828,"Adenine, 15N2",15074158.8448818
"FT393",246.097290631154,512.869873046875,"DL-Proline, D7",13979322.8300594
"FT396",251.185505885792,100.628684997559,"None",330340.665985994
"FT397",252.082997478819,645.902465820312,"Arsenobetaine, 13C2",1530174.83347156
"FT398",252.109169865558,175.71588897705,"DL-Valine, D8",125587252.016469
"FT399",252.14415563031,551.123870849609,"DL-Histidine, 15N",62848379.8256003
"FT400",253.112447962101,179.64769744873,"Adenine, 15N2",37409774.3475819
"FT402",255.107365498759,518.433258056641,"None",901501.160047169
"FT404",257.932885012466,1043.89965820313,"DL-Histidine, 15N",1345560.15652694
"FT405",257.989632304659,574.388305664062,"Betaine, 13C5-15N",2207099.76401077
"FT406",258.110224713389,575.203521728516,"DL-Histidine, 15N",126226920.256049
"FT407",259.030639711574,644.904235839844,"None",1116321.27036554
"FT408",259.128944301993,525.029235839844,"Adenine, 15N2",2728200.40817139
"FT409",259.986953033522,575.5830078125,"Arsenobetaine, 13C2",1497745.49572664
"FT410",260.113023494372,144.769683837891,"Cytosine, 13C2-15N3",11580137.1354816
"FT411",267.061537758181,685.254821777344,"DL-Valine, D8",376111.925220248
"FT412",268.104106270316,211.622772216797,"Cytosine, 13C2-15N3",156245391.706985
"FT413",269.088068500377,356.232482910156,"Guanine, 13C-15N2",11339051.7105568
"FT414",269.105461731966,570.881225585938,"DL-Histidine, 15N",9572191.86517878
"FT416",269.125198440859,549.619384765625,"DL-Histidine, 15N",2297289.77097123
"FT417",271.128851207619,493.189056396484,"None",3167806.71273233
"FT418",272.133923571786,519.782623291016,"DL-Proline, D7",2629476.45991307
"FT419",273.089202880859,229.146392822266,"Betaine, 13C5-15N",3914108.70778927
"FT420",275.07132290358,586.777954101562,"None",3592455.11646018
"FT421",281.908679362493,448.211242675781,"Cytosine, 13C2-15N3",1770291.97589207
"FT422",282.118494031146,598.813232421875,"None",2359259.92099534
"FT423",283.175153914064,112.42407989502,"Cytosine, 13C2-15N3",2844352.48072327
"FT424",283.906586741327,448.628112792969,"Cytosine, 13C2-15N3",4000024.10598772
"FT425",284.098977152042,444.194702148438,"DL-Valine, D8",5872130.6391081
"FT426",285.144503024394,402.177276611328,"Betaine, 13C5-15N",14087101.046452
"FT427",285.144532072571,647.292266845703,"DL-Proline, D7",3391919.92620741
"FT428",286.11336118123,594.950378417969,"DL-Histidine, 15N",7574053.17010339
"FT430",287.932455810517,570.694946289062,"Arsenobetaine, 13C2",4114952.75264119
"FT431",289.139356045231,533.749633789062,"None",8555401.10305165
"FT432",289.248604558002,109.384838104249,"Betaine, 13C5-15N",797244.460505217
"FT434",294.975073134493,784.813842773438,"DL-Proline, D7",26068276.4845296
"FT435",298.096859896735,138.634475708008,"Cytosine, 13C2-15N3",89172361.168768
"FT438",302.196379707482,117.246147155762,"Betaine, 13C5-15N",1568008.08288843
"FT439",303.118701435089,587.399475097656,"DL-Proline, D7",4813455.12483399
"FT440",303.154911254224,463.225769042969,"Guanine, 13C-15N2",6130127.20089074
"FT441",307.226771251837,95.2516555786133,"DL-Histidine, 15N",1422819.61012289
"FT442",318.992194950319,784.810546875,"Adenine, 15N2",11513070.9461626
"FT443",322.847458564331,178.079605102539,"DL-Histidine, 15N",15038413.2761929
"FT444",324.845592158852,178.004829406738,"DL-Histidine, 15N",19463267.6343448
"FT445",325.088214027112,400.582244873047,"None",3648875.56353522
"FT446",326.056329063656,310.543121337891,"None",6972855.13398827
"FT447",326.843824070529,178.240026503418,"DL-Histidine, 15N",16146909.7845508
"FT448",328.085597145763,400.448532104492,"None",2046555.08809808
"FT449",333.129303978768,603.050720214844,"DL-Proline, D7",35477914.7309964
"FT450",333.1691211701,413.007690429688,"None",1853712.31139588
"FT455",347.145019536951,372.650939941406,"Adenine, 15N2",13257560.2121787
"FT458",353.055633544922,633.423889160156,"None",14110654.0327887
"FT459",360.150152535796,601.484497070312,"None",3944999.28901957
"FT460",363.015538455192,783.211059570312,"Arsenobetaine, 13C2",84945450.9709505
"FT462",366.909518483746,783.377319335938,"Betaine, 13C5-15N",27112850.8586368
"FT464",369.050615140348,771.136474609375,"DL-Histidine, 15N",1623636.92299637
"FT466",372.190437180279,654.537689208984,"DL-Proline, D7",4820021.2925004
"FT467",377.133089186502,601.260864257812,"Arsenobetaine, 13C2",1956808.33430991
"FT468",377.145867711545,600.990234375,"None",2738160.25015944
"FT469",383.153190804375,209.119032,"DL-Histidine, 15N",1190058.11282302
"FT470",385.110483323728,114.776418,"Betaine, 13C5-15N",877067.373060737
"FT471",386.042261009502,227.356468200683,"Cytosine, 13C2-15N3",3489971.80465136
"FT472",388.03644184764,229.146392822266,"Guanine, 13C-15N2",8239633.29515723
"FT473",388.254244099137,107.310539245605,"Adenine, 15N2",4878396.48305806
"FT474",391.958350297127,784.121826171875,"Adenine, 15N2",138119898.606804
"FT477",394.303797059377,98.4532012939453,"DL-Valine, D8",593046.190948169
"FT478",399.911506649309,116.389572143555,"None",2083529.92745261
"FT479",401.124805774875,310.590057373047,"Arsenobetaine, 13C2",69947284.4631789
"FT480",404.206703046453,95.1576080322266,"Betaine, 13C5-15N",883632.573907864
"FT481",411.78001142825,178.807876586914,"None",3528090.9844192
"FT482",413.778217309611,178.807876586914,"None",6493875.61691715
"FT483",415.776327439918,179.908325195312,"None",4160779.86534657
"FT484",416.051689134364,634.938049316406,"Arsenobetaine, 13C2",1126193.26725057
"FT485",418.159797001607,654.224304199219,"Arsenobetaine, 13C2",1873304.79596373
"FT486",432.280431522781,105.772827148438,"Arsenobetaine, 13C2",2814485.65236524
"FT487",433.094421444272,229.119506835938,"Betaine, 13C5-15N",1898696.10641372
"FT489",448.899301482023,784.465698242188,"None",10026017.6984996
"FT490",465.925970384028,783.605163574219,"None",190522358.48235
"FT493",476.306603939134,104.382026672363,"Arsenobetaine, 13C2",1223392.6914976
"FT496",481.903527873632,784.141052246094,"Betaine, 13C5-15N",18224710.5540791
"FT497",518.084845271389,212.8828125,"DL-Histidine, 15N",1205860.46892248
"FT498",580.919880272117,784.065795898438,"None",61374487.0297427
"FT504",596.897496352574,784.355285644531,"Betaine, 13C5-15N",9542230.28769691
"FT505",695.913953793527,783.363098144531,"None",49941837.2779783
"FT508",707.997626824999,783.600952148438,"Arsenobetaine, 13C2",38133654.8570886
"FT510",711.891642895109,784.141052246094,"Betaine, 13C5-15N",6083263.16443522
"FT511",810.907804976867,783.865844726562,"Adenine, 15N2",17773878.4750806
"FT513",822.991538489709,783.511169433594,"Arsenobetaine, 13C2",17090693.0602816
"FT515",881.487093833047,783.180236816406,"Cytosine, 13C2-15N3",1528262.24519383
